experiment,device,model,sample_id,expected,predicted,correct,tokens_per_sec,ttft_ms
E2-accuracy,device2,tinyllama,1,inquiry,"response:
hi i am unable to provide",False,3.43,2633.33
E2-accuracy,device2,tinyllama,2,inquiry,"response:
sure! the email is a",False,10.18,713.42
E2-accuracy,device2,tinyllama,3,inquiry,"response:
return policy: this email falls under",False,9.94,739.36
E2-accuracy,device2,tinyllama,4,inquiry,"response:
based on the provided email",False,10.93,650.56
E2-accuracy,device2,tinyllama,5,inquiry,"response:
the email is classified as a",False,10.58,684.42
E2-accuracy,device2,tinyllama,6,inquiry,"response:
yes your payment of rs",False,10.45,692.56
E2-accuracy,device2,tinyllama,7,inquiry,"response:
category: inquiry

thank",True,11.32,620.47
E2-accuracy,device2,tinyllama,8,inquiry,"response:
the email is classified as a",False,10.98,646.93
E2-accuracy,device2,tinyllama,9,inquiry,"response:
yes we do offer bulk disc",False,11.19,627.5
E2-accuracy,device2,tinyllama,10,inquiry,"response:
yes the new 20",False,9.77,760.87
E2-accuracy,device2,tinyllama,11,complaint,"response:
category: complaint

thank",True,11.04,642.94
E2-accuracy,device2,tinyllama,12,complaint,"response:
category: complaint

thank",True,10.95,652.54
E2-accuracy,device2,tinyllama,13,complaint,"response:
category: complaint

thank",True,9.83,756.47
E2-accuracy,device2,tinyllama,14,complaint,"response:
the email is classified as an",False,10.07,729.46
E2-accuracy,device2,tinyllama,15,complaint,"response:
the email is classified as an",False,11.13,637.64
E2-accuracy,device2,tinyllama,16,complaint,"response:
category: complaint

i",True,10.27,707.86
E2-accuracy,device2,tinyllama,17,complaint,"response:
catgoer: (sent",False,9.52,787.76
E2-accuracy,device2,tinyllama,18,complaint,"response:
category: complaint",True,7.68,707.29
E2-accuracy,device2,tinyllama,19,complaint,"response:
category: complaint

thank",True,9.36,795.09
E2-accuracy,device2,tinyllama,20,complaint,"response:
the email has been classified as",False,9.77,759.16
E2-accuracy,device2,tinyllama,21,feedback,"response:
thank you for your feedback! we",True,10.39,694.32
E2-accuracy,device2,tinyllama,22,feedback,"response:
thank you for sharing your feedback!",True,10.98,633.19
E2-accuracy,device2,tinyllama,23,feedback,"response:
catgoer: thank you for",False,10.72,667.5
E2-accuracy,device2,tinyllama,24,feedback,"response:
thank you for your email we",False,10.63,671.35
E2-accuracy,device2,tinyllama,25,feedback,"response:
sure! here's how",False,10.97,646.84
E2-accuracy,device2,tinyllama,26,feedback,"response:
thank you for your feedback! we",True,10.04,725.11
E2-accuracy,device2,tinyllama,27,feedback,"response:
catgoeries: inquiry",False,9.9,735.08
E2-accuracy,device2,tinyllama,28,feedback,"response:
the email is classified as an",False,11.21,622.5
E2-accuracy,device2,tinyllama,29,feedback,"response:
thank you for your feedback! we",True,10.52,680.03
E2-accuracy,device2,tinyllama,30,feedback,"response:
category: complaint

thank",False,11.62,587.65
E2-accuracy,device2,tinyllama,31,spam,response: congratulations! you have won a,False,9.13,821.9
E2-accuracy,device2,tinyllama,32,spam,"response:
catgoer: thank you for",False,9.44,785.05
E2-accuracy,device2,tinyllama,33,spam,"response:
category: inquiry

thank",False,10.26,689.42
E2-accuracy,device2,tinyllama,34,spam,"response:
dear valued customer",False,7.94,953.68
E2-accuracy,device2,tinyllama,35,spam,"response:
the email is classified as """,False,9.62,737.41
E2-accuracy,device2,tinyllama,36,spam,"response:
categoary: inquiry",False,8.6,886.76
E2-accuracy,device2,tinyllama,37,spam,"response:
category: complaint

thank",False,9.0,836.11
E2-accuracy,device2,tinyllama,38,spam,"response:
catgoer: ""sure",False,9.51,778.08
E2-accuracy,device2,tinyllama,39,spam,"response:
categoory: complaint",False,8.76,863.67
E2-accuracy,device2,tinyllama,40,spam,"response:
categoary: investment",False,8.57,888.68
E2-accuracy,device2,tinyllama,41,urgent,"response:
catgo: urgent: server",True,9.51,765.83
E2-accuracy,device2,tinyllama,42,urgent,"response:
category: urgent

i",True,10.45,682.74
E2-accuracy,device2,tinyllama,43,urgent,"response:
category: complaint

thank",False,10.28,702.43
E2-accuracy,device2,tinyllama,44,urgent,"response:
categoory: complaint",False,8.8,862.37
E2-accuracy,device2,tinyllama,45,urgent,"response:
catgoer: ""sure",False,10.58,669.35
E2-accuracy,device2,tinyllama,46,urgent,"response:
categoory: complaint",False,9.84,738.74
E2-accuracy,device2,tinyllama,47,urgent,"response:
categoary: inquiry",False,10.07,719.3
E2-accuracy,device2,tinyllama,48,urgent,"response:
category: urgent

b",True,10.59,668.03
E2-accuracy,device2,tinyllama,49,urgent,"response:
category: complaint

thank",False,9.57,772.86
E2-accuracy,device2,tinyllama,50,urgent,"response:
categoory: critical bug",False,10.09,716.55
E2-accuracy,device2,tinyllama,51,inquiry,"response:
category: inquiry

thank",True,9.86,729.45
E2-accuracy,device2,tinyllama,52,inquiry,"response:
yes you can upgrade your current",False,11.75,577.42
E2-accuracy,device2,tinyllama,53,complaint,"response:
the email has been classified as",False,9.75,753.47
E2-accuracy,device2,tinyllama,54,complaint,"response:
the email has been classified as",False,11.01,629.29
E2-accuracy,device2,tinyllama,55,feedback,"response:
the email is classified as """,False,10.01,722.15
E2-accuracy,device2,tinyllama,56,feedback,"response:
thank you for your feedback! your",True,8.81,783.44
E2-accuracy,device2,tinyllama,57,spam,"response:
category: complaint

thank",False,7.76,996.81
E2-accuracy,device2,tinyllama,58,spam,response: congratulations! your email has been,False,8.07,958.5
E2-accuracy,device2,tinyllama,59,urgent,"response:
catgoeries: urgent",True,9.61,756.47
E2-accuracy,device2,tinyllama,60,urgent,"response:
categoory: complaint",False,8.27,926.71
E2-accuracy,device2,tinyllama,61,inquiry,"response:
category: complaint

thank",False,9.78,737.27
E2-accuracy,device2,tinyllama,62,inquiry,"response:
the email is classified as a",False,10.91,641.41
E2-accuracy,device2,tinyllama,63,complaint,"response:
the email is a complaint",True,8.61,881.57
E2-accuracy,device2,tinyllama,64,complaint,"response:
category: complaint

thank",True,9.63,755.4
E2-accuracy,device2,tinyllama,65,feedback,"response:
thank you for your feedback we",True,8.9,831.74
E2-accuracy,device2,tinyllama,66,feedback,"response:
the email has been classified as",False,10.45,650.31
E2-accuracy,device2,tinyllama,67,spam,"response:
the email has been classified as",False,8.14,943.67
E2-accuracy,device2,tinyllama,68,spam,response: thank you for your email the information,False,9.35,782.13
E2-accuracy,device2,tinyllama,69,urgent,"response:
catgoer: urgent!",True,9.8,731.54
E2-accuracy,device2,tinyllama,70,urgent,"response:
catgoer: ""thank you",False,8.83,840.78
E2-accuracy,device2,tinyllama,71,inquiry,"response:
yes we accept both contactless",False,10.35,675.63
E2-accuracy,device2,tinyllama,72,inquiry,"response:
based on the provided email",False,10.25,683.94
E2-accuracy,device2,tinyllama,73,complaint,"response:
the email has been classified as",False,9.62,729.14
E2-accuracy,device2,tinyllama,74,complaint,"response:
the email is classified as an",False,9.17,770.57
E2-accuracy,device2,tinyllama,75,feedback,"response:
category: complaint

thank",False,9.39,760.68
E2-accuracy,device2,tinyllama,76,feedback,"response:
thank you for bringing this to our",False,8.85,847.72
E2-accuracy,device2,tinyllama,77,spam,"response:
categoory: complaint",False,8.07,961.13
E2-accuracy,device2,tinyllama,78,spam,"response:
the email has been classified as",False,9.17,808.98
E2-accuracy,device2,tinyllama,79,urgent,"response:
catgoeries: inquiry",False,8.87,841.85
E2-accuracy,device2,tinyllama,80,urgent,"response:
categoary: inquiry",False,9.23,798.23
E2-accuracy,device2,tinyllama,81,inquiry,"response:
yes our restaurant caters for",False,10.48,676.25
E2-accuracy,device2,tinyllama,82,inquiry,"response:
category: complaint

thank",False,10.08,715.22
E2-accuracy,device2,tinyllama,83,complaint,"response:
category: complaint

thank",True,10.11,703.92
E2-accuracy,device2,tinyllama,84,complaint,"response:
category: complaint

thank",True,9.9,726.08
E2-accuracy,device2,tinyllama,85,feedback,"response:
thank you for your feedback! we",True,10.2,690.33
E2-accuracy,device2,tinyllama,86,feedback,"response:
the email you sent contains information about",False,9.98,719.07
E2-accuracy,device2,tinyllama,87,spam,"response:
categoary: ""inqu",False,8.75,843.11
E2-accuracy,device2,tinyllama,88,spam,"response:
category: complaint

b",False,8.47,891.03
E2-accuracy,device2,tinyllama,89,urgent,"response:
catgoer: urgent:",True,9.1,816.49
E2-accuracy,device2,tinyllama,90,urgent,"response:
categoary: inquiry",False,9.45,778.17
E2-accuracy,device2,tinyllama,91,inquiry,"response:
thank you for your email which",False,8.21,928.46
E2-accuracy,device2,tinyllama,92,inquiry,"response:
yes we do have a student",False,9.89,729.14
E2-accuracy,device2,tinyllama,93,complaint,"response:
the email has been classified as",False,9.75,733.86
E2-accuracy,device2,tinyllama,94,complaint,"response:
category: complaint

thank",True,9.55,763.31
E2-accuracy,device2,tinyllama,95,feedback,"response:
thank you for your email! the",False,9.94,717.23
E2-accuracy,device2,tinyllama,96,feedback,"response: ""inquiry""",False,6.64,833.29
E2-accuracy,device2,tinyllama,97,spam,"response:
categoary: inquiry",False,8.6,869.25
E2-accuracy,device2,tinyllama,98,spam,"response:
category: inquiry",False,8.57,871.07
E2-accuracy,device2,tinyllama,99,urgent,"response:
catgoeries: inquiry",False,8.8,845.39
E2-accuracy,device2,tinyllama,100,urgent,"response:
category: urgent

lock",True,9.04,813.74
E2-accuracy,device2,tinyllama-q5,1,inquiry,"response:
categoory: complaint",False,2.57,3558.67
E2-accuracy,device2,tinyllama-q5,2,inquiry,"response:
sure! based on the provided",False,6.33,1251.15
E2-accuracy,device2,tinyllama-q5,3,inquiry,"response: ""return policy""

this email",False,6.22,1281.38
E2-accuracy,device2,tinyllama-q5,4,inquiry,"response:
the email is a complaint and",False,6.85,1126.82
E2-accuracy,device2,tinyllama-q5,5,inquiry,response: the email is a complaint and should,False,6.6,1170.51
E2-accuracy,device2,tinyllama-q5,6,inquiry,response: yes your payment of rs,False,6.54,1198.39
E2-accuracy,device2,tinyllama-q5,7,inquiry,"response:
according to the provided email",False,7.15,1069.89
E2-accuracy,device2,tinyllama-q5,8,inquiry,"response:
the email is classified as a",False,6.41,1208.45
E2-accuracy,device2,tinyllama-q5,9,inquiry,"response:
bulk discounts for orders",False,6.65,1158.95
E2-accuracy,device2,tinyllama-q5,10,inquiry,response: the email is classified as an inqu,False,5.71,1409.2
E2-accuracy,device2,tinyllama-q5,11,complaint,"response:
the email is classified as a",False,6.41,1210.68
E2-accuracy,device2,tinyllama-q5,12,complaint,"response: ""this email falls into the 'comp",False,6.5,1195.76
E2-accuracy,device2,tinyllama-q5,13,complaint,"response:
the email is classified as a",False,5.9,1354.11
E2-accuracy,device2,tinyllama-q5,14,complaint,"response: ""inquiry""

this",False,6.18,1282.45
E2-accuracy,device2,tinyllama-q5,15,complaint,"response:
this email is classified as an",False,6.44,1167.33
E2-accuracy,device2,tinyllama-q5,16,complaint,"response:
according to the provided email",False,6.08,1304.63
E2-accuracy,device2,tinyllama-q5,17,complaint,"response:
according to the provided email",False,5.0,1524.81
E2-accuracy,device2,tinyllama-q5,18,complaint,"response: ""inquiry""

this",False,5.0,1576.16
E2-accuracy,device2,tinyllama-q5,19,complaint,"response:
this email falls into the ""comp",False,5.05,1619.18
E2-accuracy,device2,tinyllama-q5,20,complaint,"response:
this email falls into the ""comp",False,5.46,1434.26
E2-accuracy,device2,tinyllama-q5,21,feedback,"response:
category: feedback

thank you",True,5.87,1326.37
E2-accuracy,device2,tinyllama-q5,22,feedback,"response:

category: inquiry",False,4.34,1702.65
E2-accuracy,device2,tinyllama-q5,23,feedback,"response:
the email is classified as an",False,3.87,2010.31
E2-accuracy,device2,tinyllama-q5,24,feedback,"response:
this email falls into the ""comp",False,4.58,1738.54
E2-accuracy,device2,tinyllama-q5,25,feedback,response: please add more payment options as suggested in,False,5.27,1503.04
E2-accuracy,device2,tinyllama-q5,26,feedback,"response:
based on the provided email",False,5.74,1388.91
E2-accuracy,device2,tinyllama-q5,27,feedback,"response:
categoory: inquiry",False,5.48,1440.72
E2-accuracy,device2,tinyllama-q5,28,feedback,"response:
sure! here's how",False,6.07,1266.71
E2-accuracy,device2,tinyllama-q5,29,feedback,"response:
the email is classified as a",False,5.5,1426.6
E2-accuracy,device2,tinyllama-q5,30,feedback,"response:
based on the provided email",False,6.79,1126.35
E2-accuracy,device2,tinyllama-q5,31,spam,"response: category: complaint

based",False,4.99,1628.94
E2-accuracy,device2,tinyllama-q5,32,spam,response: urgent: your bank account,False,5.52,1445.38
E2-accuracy,device2,tinyllama-q5,33,spam,"response: ""inquiry""

this",False,6.04,1295.49
E2-accuracy,device2,tinyllama-q5,34,spam,"response:
classification: inquiry",False,5.03,1628.74
E2-accuracy,device2,tinyllama-q5,35,spam,"response:
this email falls into the ""comp",False,5.98,1326.14
E2-accuracy,device2,tinyllama-q5,36,spam,the email i received is an inquiry and not,False,5.18,1571.45
E2-accuracy,device2,tinyllama-q5,37,spam,"response:
the email is classified as a",False,5.52,1469.56
E2-accuracy,device2,tinyllama-q5,38,spam,"response:
the email is a complaint",False,5.54,1454.33
E2-accuracy,device2,tinyllama-q5,39,spam,"response:
category: urgent

b",False,5.08,1618.23
E2-accuracy,device2,tinyllama-q5,40,spam,"response:
invest in crypto and double",False,4.98,1659.87
E2-accuracy,device2,tinyllama-q5,41,urgent,response: urgent: server room temperature,True,5.93,1336.53
E2-accuracy,device2,tinyllama-q5,42,urgent,"response:
category: urgent

b",True,6.47,1193.17
E2-accuracy,device2,tinyllama-q5,43,urgent,"response: ""inquiry""

ex",False,6.19,1256.08
E2-accuracy,device2,tinyllama-q5,44,urgent,"response:
category: urgent

this",True,3.25,2503.62
E2-accuracy,device2,tinyllama-q5,45,urgent,"response: ""inquiry""

this",False,6.18,1298.31
E2-accuracy,device2,tinyllama-q5,46,urgent,"response with ""inquiry"" as the category",False,6.73,1139.8
E2-accuracy,device2,tinyllama-q5,47,urgent,"response: ""inquiry""

this",False,7.81,988.95
E2-accuracy,device2,tinyllama-q5,48,urgent,"response:

category: urgent",True,8.7,874.99
E2-accuracy,device2,tinyllama-q5,49,urgent,"response:
category: urgent

note",True,7.96,985.7
E2-accuracy,device2,tinyllama-q5,50,urgent,"response:

category: urgent",True,8.35,903.95
E2-accuracy,device2,tinyllama-q5,51,inquiry,"response:
category: inquiry

b",True,7.86,990.54
E2-accuracy,device2,tinyllama-q5,52,inquiry,"response: ""inquiry""

this",True,9.59,760.06
E2-accuracy,device2,tinyllama-q5,53,complaint,"response:
the email is classified as an",False,7.99,978.59
E2-accuracy,device2,tinyllama-q5,54,complaint,"response:
this email falls into the ""comp",False,8.75,866.76
E2-accuracy,device2,tinyllama-q5,55,feedback,"response:
the email is classified as an",False,8.05,954.04
E2-accuracy,device2,tinyllama-q5,56,feedback,"response:
the email is classified as an",False,8.11,954.69
E2-accuracy,device2,tinyllama-q5,57,spam,"response:
this email falls into the ""comp",False,6.79,1199.51
E2-accuracy,device2,tinyllama-q5,58,spam,response: congratulations! your mobile number has,False,6.72,1213.38
E2-accuracy,device2,tinyllama-q5,59,urgent,response: urgent: chemical spill in,True,7.58,1040.6
E2-accuracy,device2,tinyllama-q5,60,urgent,"response:
categoory: complaint",False,6.67,1219.95
E2-accuracy,device2,tinyllama-q5,61,inquiry,"response:
the email is a complaint and",False,7.75,998.9
E2-accuracy,device2,tinyllama-q5,62,inquiry,"response:
the email is a complaint and",False,8.71,856.21
E2-accuracy,device2,tinyllama-q5,63,complaint,"response:
the email is classified as a",False,6.66,1222.15
E2-accuracy,device2,tinyllama-q5,64,complaint,"response:
this email is classified as an",False,7.61,1037.95
E2-accuracy,device2,tinyllama-q5,65,feedback,"response:
according to the provided email",False,7.05,1141.52
E2-accuracy,device2,tinyllama-q5,66,feedback,"response:
the email is classified as a",False,8.53,884.43
E2-accuracy,device2,tinyllama-q5,67,spam,"response:
the email is classified as an",False,6.38,1273.99
E2-accuracy,device2,tinyllama-q5,68,spam,response: please find the category label for this email,False,7.35,1082.52
E2-accuracy,device2,tinyllama-q5,69,urgent,response: urgent: ran somware attack detected,True,7.42,1064.94
E2-accuracy,device2,tinyllama-q5,70,urgent,"response:
categoary: urgent",True,6.72,1164.11
E2-accuracy,device2,tinyllama-q5,71,inquiry,"response:
the email is a complaint about",False,7.68,991.69
E2-accuracy,device2,tinyllama-q5,72,inquiry,"response:
bulk stationery purchase discount",False,7.88,971.58
E2-accuracy,device2,tinyllama-q5,73,complaint,"response:
the email has been classified as",False,7.83,974.36
E2-accuracy,device2,tinyllama-q5,74,complaint,"response: ""inquiry""

this",False,7.59,1034.15
E2-accuracy,device2,tinyllama-q5,75,feedback,"response:
the email is classified as """,False,7.71,1004.98
E2-accuracy,device2,tinyllama-q5,76,feedback,"response:
the email is a complaint",False,6.93,1140.87
E2-accuracy,device2,tinyllama-q5,77,spam,"response:
categoory: complaint",False,6.27,1304.44
E2-accuracy,device2,tinyllama-q5,78,spam,"response: ""inquiry""

this",False,7.02,1124.16
E2-accuracy,device2,tinyllama-q5,79,urgent,"response:
categoary: urgent",True,6.95,1156.81
E2-accuracy,device2,tinyllama-q5,80,urgent,"response:
category: urgent

b",True,7.11,1118.26
E2-accuracy,device2,tinyllama-q5,81,inquiry,"response:
the email is classified as an",False,8.18,939.32
E2-accuracy,device2,tinyllama-q5,82,inquiry,"response: ""inquiry""

no",True,7.94,980.17
E2-accuracy,device2,tinyllama-q5,83,complaint,"response:
the email is classified as an",False,7.87,987.99
E2-accuracy,device2,tinyllama-q5,84,complaint,"response:
the furniture you received is a",False,7.87,981.86
E2-accuracy,device2,tinyllama-q5,85,feedback,"response:
this email falls into the ""comp",False,8.16,940.02
E2-accuracy,device2,tinyllama-q5,86,feedback,"response:
the email you provided falls into the",False,8.06,958.99
E2-accuracy,device2,tinyllama-q5,87,spam,"response: ""inquiry""

this",False,6.84,1164.36
E2-accuracy,device2,tinyllama-q5,88,spam,"response: ""warning: your inst",False,6.73,1204.62
E2-accuracy,device2,tinyllama-q5,89,urgent,response: urgent: two delivery trucks,True,7.27,1093.28
E2-accuracy,device2,tinyllama-q5,90,urgent,"response:
according to the provided email",False,7.18,1090.79
E2-accuracy,device2,tinyllama-q5,91,inquiry,"response:
the email is classified as an",False,6.34,1296.36
E2-accuracy,device2,tinyllama-q5,92,inquiry,"response:
the email is classified as an",False,7.98,962.0
E2-accuracy,device2,tinyllama-q5,93,complaint,"response:
this email falls into the ""comp",False,8.01,962.94
E2-accuracy,device2,tinyllama-q5,94,complaint,"response:
categoary: complaint",True,7.66,1021.25
E2-accuracy,device2,tinyllama-q5,95,feedback,"response:
the email is classified into the",False,7.85,993.74
E2-accuracy,device2,tinyllama-q5,96,feedback,"response with ""inquiry"" category label only",False,6.9,1142.66
E2-accuracy,device2,tinyllama-q5,97,spam,"response:
categoary: inquiry",False,6.38,1231.79
E2-accuracy,device2,tinyllama-q5,98,spam,"response:
this email is classified as an",False,6.36,1258.79
E2-accuracy,device2,tinyllama-q5,99,urgent,response: urgent: production line 3 has,True,6.37,1253.63
E2-accuracy,device2,tinyllama-q5,100,urgent,"response:
category: urgent

b",True,6.8,1160.8
E2-accuracy,device2,tinyllama-q8,1,inquiry,"response:
categoory: complaint",False,3.28,2623.79
E2-accuracy,device2,tinyllama-q8,2,inquiry,"response:
sure! the email is a",False,8.47,747.34
E2-accuracy,device2,tinyllama-q8,3,inquiry,"response: ""return policy""

category:",False,8.4,769.86
E2-accuracy,device2,tinyllama-q8,4,inquiry,"response:
based on the provided email",False,9.06,680.59
E2-accuracy,device2,tinyllama-q8,5,inquiry,response: the email is a complaint and should,False,8.61,732.16
E2-accuracy,device2,tinyllama-q8,6,inquiry,response: yes your payment of rs,False,8.47,745.62
E2-accuracy,device2,tinyllama-q8,7,inquiry,"response:
according to the provided email",False,9.08,670.54
E2-accuracy,device2,tinyllama-q8,8,inquiry,"response: ""international shipping takes approximately",False,8.82,711.23
E2-accuracy,device2,tinyllama-q8,9,inquiry,"response:
bulk discounts for orders",False,9.05,666.99
E2-accuracy,device2,tinyllama-q8,10,inquiry,response: the email is classified as an inqu,False,7.64,882.02
E2-accuracy,device2,tinyllama-q8,11,complaint,"response:
this email falls into the ""comp",False,8.65,730.99
E2-accuracy,device2,tinyllama-q8,12,complaint,"response: ""this email falls into the 'comp",False,8.5,715.7
E2-accuracy,device2,tinyllama-q8,13,complaint,"response:
this email falls into the ""comp",False,7.34,930.19
E2-accuracy,device2,tinyllama-q8,14,complaint,"response: ""inquiry""

b",False,8.1,808.29
E2-accuracy,device2,tinyllama-q8,15,complaint,"response:
this email is classified as an",False,8.9,697.53
E2-accuracy,device2,tinyllama-q8,16,complaint,"response:
category: complaint

b",True,8.42,763.63
E2-accuracy,device2,tinyllama-q8,17,complaint,"response:
the email has been classified as",False,7.97,832.95
E2-accuracy,device2,tinyllama-q8,18,complaint,"response: ""this email is classified as an",False,8.19,781.45
E2-accuracy,device2,tinyllama-q8,19,complaint,"response:
this email falls under the ""comp",False,7.02,947.9
E2-accuracy,device2,tinyllama-q8,20,complaint,"response:
this email falls into the ""comp",False,7.51,900.38
E2-accuracy,device2,tinyllama-q8,21,feedback,"response:
category: feedback",True,8.55,738.62
E2-accuracy,device2,tinyllama-q8,22,feedback,"response:
category: inquiry",False,9.0,687.37
E2-accuracy,device2,tinyllama-q8,23,feedback,"response:
category: complaint

thank",False,8.21,769.16
E2-accuracy,device2,tinyllama-q8,24,feedback,"response:
this email falls into the ""in",False,8.56,745.08
E2-accuracy,device2,tinyllama-q8,25,feedback,response: please add more payment options as suggested in,False,8.76,714.92
E2-accuracy,device2,tinyllama-q8,26,feedback,"response:
this email falls into the ""comp",False,8.23,796.88
E2-accuracy,device2,tinyllama-q8,27,feedback,"response:
categoory: inquiry",False,8.02,810.61
E2-accuracy,device2,tinyllama-q8,28,feedback,"response:
the email is classified as an",False,9.19,667.81
E2-accuracy,device2,tinyllama-q8,29,feedback,"response:
categoory: complaint",False,8.53,751.12
E2-accuracy,device2,tinyllama-q8,30,feedback,"response:
the email is classified as an",False,9.44,638.91
E2-accuracy,device2,tinyllama-q8,31,spam,"response: category: complaint

based",False,7.29,916.27
E2-accuracy,device2,tinyllama-q8,32,spam,response: urgent: your bank account,False,6.83,950.87
E2-accuracy,device2,tinyllama-q8,33,spam,"response: ""no experience needed!""

this",False,8.03,813.08
E2-accuracy,device2,tinyllama-q8,34,spam,"response:
category: inquiry",False,7.28,945.19
E2-accuracy,device2,tinyllama-q8,35,spam,"response:
this email falls into the ""in",False,7.99,805.49
E2-accuracy,device2,tinyllama-q8,36,spam,"response: ""act now!""

this",False,7.28,945.43
E2-accuracy,device2,tinyllama-q8,37,spam,"response:
category: complaint

thank",False,7.5,893.64
E2-accuracy,device2,tinyllama-q8,38,spam,"response:
categoory: complaint",False,7.66,872.75
E2-accuracy,device2,tinyllama-q8,39,spam,"response:
category: inquiry",False,7.22,955.36
E2-accuracy,device2,tinyllama-q8,40,spam,"response:
categoory: complaint",False,7.15,971.17
E2-accuracy,device2,tinyllama-q8,41,urgent,response: urgent: server room temperature,True,8.05,803.5
E2-accuracy,device2,tinyllama-q8,42,urgent,"response:
category: urgent

b",True,8.84,704.63
E2-accuracy,device2,tinyllama-q8,43,urgent,"response:
category: urgent

thank",True,8.38,761.01
E2-accuracy,device2,tinyllama-q8,44,urgent,"response:
category: urgent

this",True,7.52,905.87
E2-accuracy,device2,tinyllama-q8,45,urgent,"response:
categoary: urgent",True,8.69,731.17
E2-accuracy,device2,tinyllama-q8,46,urgent,"response:
legal notice received from regulatory",False,7.94,799.61
E2-accuracy,device2,tinyllama-q8,47,urgent,"response:
categoary: urgent",True,8.31,784.78
E2-accuracy,device2,tinyllama-q8,48,urgent,"response:
category: urgent

b",True,9.11,685.61
E2-accuracy,device2,tinyllama-q8,49,urgent,"response:
category: urgent

thank",True,8.46,766.65
E2-accuracy,device2,tinyllama-q8,50,urgent,"response:
category: urgent

this",True,8.92,708.95
E2-accuracy,device2,tinyllama-q8,51,inquiry,"response:
category: inquiry

thank",True,7.98,737.94
E2-accuracy,device2,tinyllama-q8,52,inquiry,"response: ""yes you can upgrade your current",False,9.32,653.02
E2-accuracy,device2,tinyllama-q8,53,complaint,"response:
the email has been classified as",False,8.35,780.48
E2-accuracy,device2,tinyllama-q8,54,complaint,"response:
this email falls into the ""comp",False,9.28,656.27
E2-accuracy,device2,tinyllama-q8,55,feedback,"response:
the email is classified as """,False,8.6,745.82
E2-accuracy,device2,tinyllama-q8,56,feedback,"response: category: inquiry

b",False,8.48,759.16
E2-accuracy,device2,tinyllama-q8,57,spam,"response:
this email falls into the ""comp",False,6.91,1017.01
E2-accuracy,device2,tinyllama-q8,58,spam,response: congratulations! your mobile number has,False,7.39,932.9
E2-accuracy,device2,tinyllama-q8,59,urgent,response: urgent: chemical spill in,True,7.75,859.88
E2-accuracy,device2,tinyllama-q8,60,urgent,"response:
categoory: complaint",False,7.62,903.26
E2-accuracy,device2,tinyllama-q8,61,inquiry,"response:
category: inquiry

b",True,8.65,741.88
E2-accuracy,device2,tinyllama-q8,62,inquiry,"response:
the email is a complaint and",False,9.69,623.52
E2-accuracy,device2,tinyllama-q8,63,complaint,"response:
this email is a complaint",True,7.82,860.4
E2-accuracy,device2,tinyllama-q8,64,complaint,"response:
this email is classified as an",False,8.33,778.99
E2-accuracy,device2,tinyllama-q8,65,feedback,"response:
thank you for your email which",False,8.26,803.33
E2-accuracy,device2,tinyllama-q8,66,feedback,"response:
this email falls into the ""in",False,9.63,620.88
E2-accuracy,device2,tinyllama-q8,67,spam,"response:
this email is categorized as """,False,7.75,880.53
E2-accuracy,device2,tinyllama-q8,68,spam,response: please find the correct category label for this,False,8.4,786.66
E2-accuracy,device2,tinyllama-q8,69,urgent,response: urgent: ran somware attack,True,8.87,720.8
E2-accuracy,device2,tinyllama-q8,70,urgent,"response:
this email is a complaint",False,8.27,803.27
E2-accuracy,device2,tinyllama-q8,71,inquiry,"response:
the email is a complaint about",False,9.38,654.99
E2-accuracy,device2,tinyllama-q8,72,inquiry,"response:
bulk stationery purchase discount",False,8.93,705.81
E2-accuracy,device2,tinyllama-q8,73,complaint,"response:
the email has been classified as",False,9.6,636.69
E2-accuracy,device2,tinyllama-q8,74,complaint,"response:
the email is classified as an",False,9.16,690.99
E2-accuracy,device2,tinyllama-q8,75,feedback,"response:
category: complaint

thank",False,9.14,693.99
E2-accuracy,device2,tinyllama-q8,76,feedback,"response:
the email is a complaint",False,8.53,773.97
E2-accuracy,device2,tinyllama-q8,77,spam,"response:
categoory: complaint",False,7.54,920.28
E2-accuracy,device2,tinyllama-q8,78,spam,"response: ""your electricity bill is overdue",False,8.32,780.18
E2-accuracy,device2,tinyllama-q8,79,urgent,"response:
category: urgent

thank",True,7.88,851.88
E2-accuracy,device2,tinyllama-q8,80,urgent,"response:
category: urgent

b",True,8.46,757.4
E2-accuracy,device2,tinyllama-q8,81,inquiry,"response:
yes our restaurant caters for",False,9.2,677.12
E2-accuracy,device2,tinyllama-q8,82,inquiry,response: please provide me with the email subject line,False,9.23,677.28
E2-accuracy,device2,tinyllama-q8,83,complaint,"response:
category: complaint

thank",True,9.21,664.28
E2-accuracy,device2,tinyllama-q8,84,complaint,"response:
this email falls under the ""comp",False,10.94,537.07
E2-accuracy,device2,tinyllama-q8,85,feedback,"response:
categoory: inquiry",False,11.43,510.81
E2-accuracy,device2,tinyllama-q8,86,feedback,"response:
the email you provided falls under the",False,10.98,544.92
E2-accuracy,device2,tinyllama-q8,87,spam,"response:
category: complaint

b",False,10.21,616.43
E2-accuracy,device2,tinyllama-q8,88,spam,"response: ""warning: your inst",False,9.99,634.67
E2-accuracy,device2,tinyllama-q8,89,urgent,response: urgent: two delivery trucks,True,10.22,610.86
E2-accuracy,device2,tinyllama-q8,90,urgent,"response:
categoary: urgent",True,10.68,573.4
E2-accuracy,device2,tinyllama-q8,91,inquiry,"response:
the email has been classified as",False,9.28,714.02
E2-accuracy,device2,tinyllama-q8,92,inquiry,"response:
the email is classified as an",False,11.17,535.86
E2-accuracy,device2,tinyllama-q8,93,complaint,"response:
this email falls into the ""comp",False,11.15,539.19
E2-accuracy,device2,tinyllama-q8,94,complaint,"response:
category: complaint

b",True,10.97,547.71
E2-accuracy,device2,tinyllama-q8,95,feedback,"response:
bronze member
the new",False,11.25,531.94
E2-accuracy,device2,tinyllama-q8,96,feedback,"response: ""the live chat feature has improved dram",False,9.78,628.54
E2-accuracy,device2,tinyllama-q8,97,spam,"response:
category: inquiry

b",False,9.8,657.92
E2-accuracy,device2,tinyllama-q8,98,spam,"response:
this email is classified as an",False,10.17,623.64
E2-accuracy,device2,tinyllama-q8,99,urgent,response: urgent: production line,True,10.14,626.14
E2-accuracy,device2,tinyllama-q8,100,urgent,"response:
category: urgent

b",True,10.21,620.09
E2-accuracy,device2,phi3:mini,1,inquiry,inquiry,True,0.21,13640.12
E2-accuracy,device2,phi3:mini,2,inquiry,inquiry,True,0.7,3806.57
E2-accuracy,device2,phi3:mini,3,inquiry,inquiry,True,0.83,3199.32
E2-accuracy,device2,phi3:mini,4,inquiry,inquiry,True,1.1,2332.17
E2-accuracy,device2,phi3:mini,5,inquiry,inquiry,True,0.97,2736.5
E2-accuracy,device2,phi3:mini,6,inquiry,inquiry,True,1.09,2395.42
E2-accuracy,device2,phi3:mini,7,inquiry,inquiry,True,1.15,2245.64
E2-accuracy,device2,phi3:mini,8,inquiry,urgent,False,0.77,2363.11
E2-accuracy,device2,phi3:mini,9,inquiry,inquiry,True,1.12,2314.44
E2-accuracy,device2,phi3:mini,10,inquiry,inquiry,True,0.89,3003.46
E2-accuracy,device2,phi3:mini,11,complaint,complaint,True,1.08,2401.95
E2-accuracy,device2,phi3:mini,12,complaint,complaint,True,0.72,3464.98
E2-accuracy,device2,phi3:mini,13,complaint,complaint,True,0.92,2942.4
E2-accuracy,device2,phi3:mini,14,complaint,complaint,True,1.12,2331.65
E2-accuracy,device2,phi3:mini,15,complaint,complaint,True,1.28,1949.57
E2-accuracy,device2,phi3:mini,16,complaint,complaint,True,1.17,2230.57
E2-accuracy,device2,phi3:mini,17,complaint,complaint,True,1.08,2431.88
E2-accuracy,device2,phi3:mini,18,complaint,complaint,True,1.16,2244.09
E2-accuracy,device2,phi3:mini,19,complaint,complaint,True,1.02,2592.54
E2-accuracy,device2,phi3:mini,20,complaint,complaint,True,1.12,2350.57
E2-accuracy,device2,phi3:mini,21,feedback,feedback,True,0.86,2095.81
E2-accuracy,device2,phi3:mini,22,feedback,feedback,True,0.96,1860.08
E2-accuracy,device2,phi3:mini,23,feedback,feedback,True,0.85,2123.48
E2-accuracy,device2,phi3:mini,24,feedback,feedback,True,0.85,2123.62
E2-accuracy,device2,phi3:mini,25,feedback,feedback,True,0.87,2062.68
E2-accuracy,device2,phi3:mini,26,feedback,complaint,False,1.09,2426.07
E2-accuracy,device2,phi3:mini,27,feedback,feedback,True,0.78,2337.14
E2-accuracy,device2,phi3:mini,28,feedback,complaint,False,1.31,1959.5
E2-accuracy,device2,phi3:mini,29,feedback,feedback,True,0.85,2121.82
E2-accuracy,device2,phi3:mini,30,feedback,complaint,False,1.39,1821.84
E2-accuracy,device2,phi3:mini,31,spam,spam,True,0.68,2721.94
E2-accuracy,device2,phi3:mini,32,spam,urgent,False,0.72,2534.71
E2-accuracy,device2,phi3:mini,33,spam,spam,True,0.81,2218.86
E2-accuracy,device2,phi3:mini,34,spam,spam,True,0.69,2668.93
E2-accuracy,device2,phi3:mini,35,spam,spam,True,0.79,2301.52
E2-accuracy,device2,phi3:mini,36,spam,spam,True,0.65,2844.85
E2-accuracy,device2,phi3:mini,37,spam,spam,True,0.64,2879.22
E2-accuracy,device2,phi3:mini,38,spam,spam,True,0.73,2498.85
E2-accuracy,device2,phi3:mini,39,spam,spam,True,0.66,2809.7
E2-accuracy,device2,phi3:mini,40,spam,spam,True,0.58,3195.34
E2-accuracy,device2,phi3:mini,41,urgent,urgent,True,0.69,2642.75
E2-accuracy,device2,phi3:mini,42,urgent,urgent,True,0.77,2339.22
E2-accuracy,device2,phi3:mini,43,urgent,urgent,True,0.77,2352.62
E2-accuracy,device2,phi3:mini,44,urgent,urgent,True,0.64,2864.33
E2-accuracy,device2,phi3:mini,45,urgent,urgent,True,0.82,2203.07
E2-accuracy,device2,phi3:mini,46,urgent,urgent,True,0.74,2451.99
E2-accuracy,device2,phi3:mini,47,urgent,complaint,False,1.02,2581.94
E2-accuracy,device2,phi3:mini,48,urgent,urgent,True,0.83,2190.53
E2-accuracy,device2,phi3:mini,49,urgent,urgent,True,0.72,2531.13
E2-accuracy,device2,phi3:mini,50,urgent,urgent,True,0.79,2285.11
E2-accuracy,device2,phi3:mini,51,inquiry,inquiry,True,1.1,2356.97
E2-accuracy,device2,phi3:mini,52,inquiry,inquiry,True,1.36,1854.5
E2-accuracy,device2,phi3:mini,53,complaint,complaint,True,1.03,2572.81
E2-accuracy,device2,phi3:mini,54,complaint,complaint,True,1.19,2169.55
E2-accuracy,device2,phi3:mini,55,feedback,inquiry,False,1.05,2500.03
E2-accuracy,device2,phi3:mini,56,feedback,feedback,True,0.73,2468.95
E2-accuracy,device2,phi3:mini,57,spam,spam,True,0.56,3352.35
E2-accuracy,device2,phi3:mini,58,spam,spam,True,0.57,3236.92
E2-accuracy,device2,phi3:mini,59,urgent,urgent,True,0.66,2690.1
E2-accuracy,device2,phi3:mini,60,urgent,urgent,True,0.49,3829.58
E2-accuracy,device2,phi3:mini,61,inquiry,inquiry,True,0.87,3053.36
E2-accuracy,device2,phi3:mini,62,inquiry,inquiry,True,1.12,2279.0
E2-accuracy,device2,phi3:mini,63,complaint,complaint,True,0.55,5004.0
E2-accuracy,device2,phi3:mini,64,complaint,complaint,True,0.89,2930.75
E2-accuracy,device2,phi3:mini,65,feedback,feedback,True,0.59,3118.3
E2-accuracy,device2,phi3:mini,66,feedback,feedback,True,0.87,2068.23
E2-accuracy,device2,phi3:mini,67,spam,spam,True,0.58,3200.8
E2-accuracy,device2,phi3:mini,68,spam,spam,True,0.7,2635.28
E2-accuracy,device2,phi3:mini,69,urgent,urgent,True,0.76,2400.77
E2-accuracy,device2,phi3:mini,70,urgent,urgent,True,0.64,2907.7
E2-accuracy,device2,phi3:mini,71,inquiry,inquiry,True,1.19,2157.77
E2-accuracy,device2,phi3:mini,72,inquiry,inquiry,True,1.16,2231.09
E2-accuracy,device2,phi3:mini,73,complaint,complaint,True,1.14,2255.34
E2-accuracy,device2,phi3:mini,74,complaint,complaint,True,1.03,2517.93
E2-accuracy,device2,phi3:mini,75,feedback,feedback,True,0.71,2541.99
E2-accuracy,device2,phi3:mini,76,feedback,complaint,False,1.04,2516.07
E2-accuracy,device2,phi3:mini,77,spam,spam,True,0.53,3503.95
E2-accuracy,device2,phi3:mini,78,spam,urgent,False,0.65,2796.76
E2-accuracy,device2,phi3:mini,79,urgent,urgent,True,0.64,2902.5
E2-accuracy,device2,phi3:mini,80,urgent,urgent,True,0.67,2739.71
E2-accuracy,device2,phi3:mini,81,inquiry,inquiry,True,1.16,2241.54
E2-accuracy,device2,phi3:mini,82,inquiry,inquiry,True,1.08,2407.14
E2-accuracy,device2,phi3:mini,83,complaint,complaint,True,1.1,2376.45
E2-accuracy,device2,phi3:mini,84,complaint,complaint,True,1.09,2391.45
E2-accuracy,device2,phi3:mini,85,feedback,feedback,True,0.79,2289.29
E2-accuracy,device2,phi3:mini,86,feedback,feedback,True,0.74,2469.08
E2-accuracy,device2,phi3:mini,87,spam,spam,True,0.62,2984.91
E2-accuracy,device2,phi3:mini,88,spam,spam,True,0.63,2943.29
E2-accuracy,device2,phi3:mini,89,urgent,urgent,True,0.58,3070.25
E2-accuracy,device2,phi3:mini,90,urgent,urgent,True,0.55,3376.15
E2-accuracy,device2,phi3:mini,91,inquiry,complaint,False,0.79,3414.25
E2-accuracy,device2,phi3:mini,92,inquiry,inquiry,True,0.96,2692.77
E2-accuracy,device2,phi3:mini,93,complaint,complaint,True,0.89,2951.54
E2-accuracy,device2,phi3:mini,94,complaint,complaint,True,0.98,2692.7
E2-accuracy,device2,phi3:mini,95,feedback,complaint,False,0.89,2981.02
E2-accuracy,device2,phi3:mini,96,feedback,feedback,True,0.62,3000.32
E2-accuracy,device2,phi3:mini,97,spam,spam,True,0.56,3293.19
E2-accuracy,device2,phi3:mini,98,spam,spam,True,0.57,3229.44
E2-accuracy,device2,phi3:mini,99,urgent,urgent,True,0.57,3240.19
E2-accuracy,device2,phi3:mini,100,urgent,urgent,True,0.59,3136.78
E2-accuracy,device2,phi3-q5,1,inquiry,inquiry,True,0.06,34241.88
E2-accuracy,device2,phi3-q5,2,inquiry,inquiry,True,0.52,3556.83
E2-accuracy,device2,phi3-q5,3,inquiry,inquiry,True,0.47,3955.17
E2-accuracy,device2,phi3-q5,4,inquiry,inquiry,True,0.58,3156.13
E2-accuracy,device2,phi3-q5,5,inquiry,inquiry,True,0.48,3845.64
E2-accuracy,device2,phi3-q5,6,inquiry,inquiry,True,0.56,3297.67
E2-accuracy,device2,phi3-q5,7,inquiry,inquiry,True,0.56,3258.79
E2-accuracy,device2,phi3-q5,8,inquiry,inquiry,True,0.5,3708.54
E2-accuracy,device2,phi3-q5,9,inquiry,inquiry,True,0.57,3223.95
E2-accuracy,device2,phi3-q5,10,inquiry,inquiry,True,0.44,4233.25
E2-accuracy,device2,phi3-q5,11,complaint,complaint,True,0.55,3337.47
E2-accuracy,device2,phi3-q5,12,complaint,complaint,True,0.56,3307.99
E2-accuracy,device2,phi3-q5,13,complaint,complaint,True,0.43,4331.05
E2-accuracy,device2,phi3-q5,14,complaint,complaint,True,0.47,3980.81
E2-accuracy,device2,phi3-q5,15,complaint,complaint,True,0.59,3122.46
E2-accuracy,device2,phi3-q5,16,complaint,complaint,True,0.48,3906.23
E2-accuracy,device2,phi3-q5,17,complaint,complaint,True,0.44,4308.29
E2-accuracy,device2,phi3-q5,18,complaint,complaint,True,0.5,3703.8
E2-accuracy,device2,phi3-q5,19,complaint,complaint,True,0.42,4441.95
E2-accuracy,device2,phi3-q5,20,complaint,complaint,True,0.47,3995.06
E2-accuracy,device2,phi3-q5,21,feedback,feedback,True,0.26,3675.55
E2-accuracy,device2,phi3-q5,22,feedback,feedback,True,0.31,3086.92
E2-accuracy,device2,phi3-q5,23,feedback,feedback,True,0.15,5991.46
E2-accuracy,device2,phi3-q5,24,feedback,feedback,True,0.14,7167.13
E2-accuracy,device2,phi3-q5,25,feedback,feedback,True,0.22,4306.46
E2-accuracy,device2,phi3-q5,26,feedback,complaint,False,0.4,4713.69
E2-accuracy,device2,phi3-q5,27,feedback,feedback,True,0.23,4246.63
E2-accuracy,device2,phi3-q5,28,feedback,feedback,True,0.28,3389.67
E2-accuracy,device2,phi3-q5,29,feedback,feedback,True,0.26,3663.25
E2-accuracy,device2,phi3-q5,30,feedback,feedback,True,0.33,2886.28
E2-accuracy,device2,phi3-q5,31,spam,spam,True,0.4,4662.01
E2-accuracy,device2,phi3-q5,32,spam,spam,True,0.43,4381.31
E2-accuracy,device2,phi3-q5,33,spam,spam,True,0.5,3686.92
E2-accuracy,device2,phi3-q5,34,spam,spam,True,0.4,4722.93
E2-accuracy,device2,phi3-q5,35,spam,spam,True,0.66,2782.32
E2-accuracy,device2,phi3-q5,36,spam,spam,True,0.55,3389.81
E2-accuracy,device2,phi3-q5,37,spam,spam,True,0.6,3103.52
E2-accuracy,device2,phi3-q5,38,spam,spam,True,0.6,3085.45
E2-accuracy,device2,phi3-q5,39,spam,spam,True,0.53,3516.69
E2-accuracy,device2,phi3-q5,40,spam,spam,True,0.5,3776.06
E2-accuracy,device2,phi3-q5,41,urgent,urgent,True,0.63,2929.85
E2-accuracy,device2,phi3-q5,42,urgent,urgent,True,0.76,2403.32
E2-accuracy,device2,phi3-q5,43,urgent,urgent,True,0.67,2745.76
E2-accuracy,device2,phi3-q5,44,urgent,urgent,True,0.54,3428.97
E2-accuracy,device2,phi3-q5,45,urgent,urgent,True,0.71,2574.57
E2-accuracy,device2,phi3-q5,46,urgent,urgent,True,0.64,2909.94
E2-accuracy,device2,phi3-q5,47,urgent,complaint,False,0.61,3057.46
E2-accuracy,device2,phi3-q5,48,urgent,urgent,True,0.73,2480.95
E2-accuracy,device2,phi3-q5,49,urgent,complaint,False,0.54,3476.64
E2-accuracy,device2,phi3-q5,50,urgent,urgent,True,0.64,2872.57
E2-accuracy,device2,phi3-q5,51,inquiry,inquiry,True,0.52,3397.48
E2-accuracy,device2,phi3-q5,52,inquiry,inquiry,True,0.75,2388.16
E2-accuracy,device2,phi3-q5,53,complaint,complaint,True,0.56,3339.0
E2-accuracy,device2,phi3-q5,54,complaint,complaint,True,0.67,2714.21
E2-accuracy,device2,phi3-q5,55,feedback,feedback,True,0.31,3090.14
E2-accuracy,device2,phi3-q5,56,feedback,feedback,True,0.32,3010.56
E2-accuracy,device2,phi3-q5,57,spam,spam,True,0.47,4019.79
E2-accuracy,device2,phi3-q5,58,spam,spam,True,0.48,3890.21
E2-accuracy,device2,phi3-q5,59,urgent,urgent,True,0.58,3160.76
E2-accuracy,device2,phi3-q5,60,urgent,urgent,True,0.48,3948.1
E2-accuracy,device2,phi3-q5,61,inquiry,inquiry,True,0.6,3071.18
E2-accuracy,device2,phi3-q5,62,inquiry,inquiry,True,0.73,2484.01
E2-accuracy,device2,phi3-q5,63,complaint,complaint,True,0.48,3884.39
E2-accuracy,device2,phi3-q5,64,complaint,complaint,True,0.57,3224.94
E2-accuracy,device2,phi3-q5,65,feedback,feedback,True,0.27,3518.0
E2-accuracy,device2,phi3-q5,66,feedback,feedback,True,0.37,2605.21
E2-accuracy,device2,phi3-q5,67,spam,spam,True,0.46,4122.48
E2-accuracy,device2,phi3-q5,68,spam,spam,True,0.54,3451.78
E2-accuracy,device2,phi3-q5,69,urgent,urgent,True,0.6,3072.06
E2-accuracy,device2,phi3-q5,70,urgent,complaint,False,0.48,3901.27
E2-accuracy,device2,phi3-q5,71,inquiry,inquiry,True,0.69,2643.18
E2-accuracy,device2,phi3-q5,72,inquiry,inquiry,True,0.64,2852.49
E2-accuracy,device2,phi3-q5,73,complaint,complaint,True,0.47,3864.85
E2-accuracy,device2,phi3-q5,74,complaint,complaint,True,0.47,4018.08
E2-accuracy,device2,phi3-q5,75,feedback,feedback,True,0.29,3299.21
E2-accuracy,device2,phi3-q5,76,feedback,feedback,True,0.29,3372.31
E2-accuracy,device2,phi3-q5,77,spam,spam,True,0.43,4450.2
E2-accuracy,device2,phi3-q5,78,spam,spam,True,0.53,3510.48
E2-accuracy,device2,phi3-q5,79,urgent,urgent,True,0.48,3934.17
E2-accuracy,device2,phi3-q5,80,urgent,urgent,True,0.48,3777.88
E2-accuracy,device2,phi3-q5,81,inquiry,inquiry,True,0.62,2950.71
E2-accuracy,device2,phi3-q5,82,inquiry,inquiry,True,0.59,3155.62
E2-accuracy,device2,phi3-q5,83,complaint,complaint,True,0.59,3157.58
E2-accuracy,device2,phi3-q5,84,complaint,complaint,True,0.59,3133.9
E2-accuracy,device2,phi3-q5,85,feedback,feedback,True,0.32,2973.28
E2-accuracy,device2,phi3-q5,86,feedback,feedback,True,0.3,3187.03
E2-accuracy,device2,phi3-q5,87,spam,spam,True,0.47,3950.21
E2-accuracy,device2,phi3-q5,88,spam,spam,True,0.45,4136.84
E2-accuracy,device2,phi3-q5,89,urgent,urgent,True,0.52,3605.78
E2-accuracy,device2,phi3-q5,90,urgent,urgent,True,0.51,3629.27
E2-accuracy,device2,phi3-q5,91,inquiry,inquiry,True,0.42,4497.46
E2-accuracy,device2,phi3-q5,92,inquiry,inquiry,True,0.58,3184.8
E2-accuracy,device2,phi3-q5,93,complaint,complaint,True,0.58,3195.82
E2-accuracy,device2,phi3-q5,94,complaint,complaint,True,0.53,3525.39
E2-accuracy,device2,phi3-q5,95,feedback,feedback,True,0.28,3404.13
E2-accuracy,device2,phi3-q5,96,feedback,feedback,True,0.25,3903.46
E2-accuracy,device2,phi3-q5,97,spam,spam,True,0.45,4215.28
E2-accuracy,device2,phi3-q5,98,spam,spam,True,0.44,4265.15
E2-accuracy,device2,phi3-q5,99,urgent,urgent,True,0.43,4372.06
E2-accuracy,device2,phi3-q5,100,urgent,urgent,True,0.49,3826.92
E2-accuracy,device2,phi3-q8,1,inquiry,inquiry,True,0.06,31374.57
E2-accuracy,device2,phi3-q8,2,inquiry,inquiry,True,0.73,2366.27
E2-accuracy,device2,phi3-q8,3,inquiry,inquiry,True,0.71,2443.11
E2-accuracy,device2,phi3-q8,4,inquiry,inquiry,True,0.88,1922.06
E2-accuracy,device2,phi3-q8,5,inquiry,inquiry,True,0.77,2247.81
E2-accuracy,device2,phi3-q8,6,inquiry,inquiry,True,0.81,2071.77
E2-accuracy,device2,phi3-q8,7,inquiry,inquiry,True,0.89,1886.79
E2-accuracy,device2,phi3-q8,8,inquiry,inquiry,True,0.82,2071.74
E2-accuracy,device2,phi3-q8,9,inquiry,inquiry,True,0.88,1921.35
E2-accuracy,device2,phi3-q8,10,inquiry,inquiry,True,0.7,2496.19
E2-accuracy,device2,phi3-q8,11,complaint,complaint,True,0.86,1980.26
E2-accuracy,device2,phi3-q8,12,complaint,complaint,True,0.79,2148.39
E2-accuracy,device2,phi3-q8,13,complaint,complaint,True,0.65,2716.21
E2-accuracy,device2,phi3-q8,14,complaint,complaint,True,0.72,2409.84
E2-accuracy,device2,phi3-q8,15,complaint,complaint,True,0.9,1859.58
E2-accuracy,device2,phi3-q8,16,complaint,complaint,True,0.77,2248.66
E2-accuracy,device2,phi3-q8,17,complaint,complaint,True,0.71,2460.64
E2-accuracy,device2,phi3-q8,18,complaint,complaint,True,0.78,2200.51
E2-accuracy,device2,phi3-q8,19,complaint,complaint,True,0.67,2601.42
E2-accuracy,device2,phi3-q8,20,complaint,complaint,True,0.68,2580.0
E2-accuracy,device2,phi3-q8,21,feedback,feedback,True,0.39,2367.15
E2-accuracy,device2,phi3-q8,22,feedback,feedback,True,0.47,1917.03
E2-accuracy,device2,phi3-q8,23,feedback,feedback,True,0.44,2086.74
E2-accuracy,device2,phi3-q8,24,feedback,feedback,True,0.45,2068.91
E2-accuracy,device2,phi3-q8,25,feedback,feedback,True,0.47,1955.63
E2-accuracy,device2,phi3-q8,26,feedback,feedback,True,0.35,2658.84
E2-accuracy,device2,phi3-q8,27,feedback,feedback,True,0.37,2529.67
E2-accuracy,device2,phi3-q8,28,feedback,feedback,True,0.48,1883.11
E2-accuracy,device2,phi3-q8,29,feedback,feedback,True,0.44,2089.86
E2-accuracy,device2,phi3-q8,30,feedback,feedback,True,0.48,1881.94
E2-accuracy,device2,phi3-q8,31,spam,spam,True,0.65,2724.95
E2-accuracy,device2,phi3-q8,32,spam,spam,True,0.56,3178.87
E2-accuracy,device2,phi3-q8,33,spam,spam,True,0.74,2341.03
E2-accuracy,device2,phi3-q8,34,spam,spam,True,0.62,2876.5
E2-accuracy,device2,phi3-q8,35,spam,spam,True,0.78,2224.62
E2-accuracy,device2,phi3-q8,36,spam,spam,True,0.62,2866.86
E2-accuracy,device2,phi3-q8,37,spam,spam,True,0.56,3115.79
E2-accuracy,device2,phi3-q8,38,spam,spam,True,0.67,2624.02
E2-accuracy,device2,phi3-q8,39,spam,spam,True,0.63,2807.27
E2-accuracy,device2,phi3-q8,40,spam,spam,True,0.6,2979.42
E2-accuracy,device2,phi3-q8,41,urgent,urgent,True,0.73,2389.87
E2-accuracy,device2,phi3-q8,42,urgent,urgent,True,0.91,1840.99
E2-accuracy,device2,phi3-q8,43,urgent,urgent,True,0.81,2105.9
E2-accuracy,device2,phi3-q8,44,urgent,urgent,True,0.66,2680.9
E2-accuracy,device2,phi3-q8,45,urgent,urgent,True,0.85,1995.57
E2-accuracy,device2,phi3-q8,46,urgent,urgent,True,0.78,2207.21
E2-accuracy,device2,phi3-q8,47,urgent,complaint,False,0.71,2437.29
E2-accuracy,device2,phi3-q8,48,urgent,urgent,True,0.83,2044.05
E2-accuracy,device2,phi3-q8,49,urgent,complaint,False,0.72,2388.31
E2-accuracy,device2,phi3-q8,50,urgent,urgent,True,0.81,2116.36
E2-accuracy,device2,phi3-q8,51,inquiry,inquiry,True,0.8,2126.19
E2-accuracy,device2,phi3-q8,52,inquiry,inquiry,True,1.13,1467.31
E2-accuracy,device2,phi3-q8,53,complaint,complaint,True,1.0,1683.2
E2-accuracy,device2,phi3-q8,54,complaint,complaint,True,1.19,1369.07
E2-accuracy,device2,phi3-q8,55,feedback,feedback,True,0.56,1642.59
E2-accuracy,device2,phi3-q8,56,feedback,feedback,True,0.56,1635.2
E2-accuracy,device2,phi3-q8,57,spam,spam,True,0.77,2287.35
E2-accuracy,device2,phi3-q8,58,spam,spam,True,0.82,2135.99
E2-accuracy,device2,phi3-q8,59,urgent,urgent,True,1.01,1678.59
E2-accuracy,device2,phi3-q8,60,urgent,urgent,True,0.82,2126.84
E2-accuracy,device2,phi3-q8,61,inquiry,inquiry,True,1.03,1632.76
E2-accuracy,device2,phi3-q8,62,inquiry,inquiry,True,1.2,1365.96
E2-accuracy,device2,phi3-q8,63,complaint,complaint,True,0.85,2064.34
E2-accuracy,device2,phi3-q8,64,complaint,complaint,True,0.99,1728.41
E2-accuracy,device2,phi3-q8,65,feedback,feedback,True,0.48,1924.26
E2-accuracy,device2,phi3-q8,66,feedback,feedback,True,0.64,1403.17
E2-accuracy,device2,phi3-q8,67,spam,spam,True,0.81,2172.97
E2-accuracy,device2,phi3-q8,68,spam,spam,True,0.92,1874.88
E2-accuracy,device2,phi3-q8,69,urgent,urgent,True,0.99,1696.54
E2-accuracy,device2,phi3-q8,70,urgent,complaint,False,0.81,2146.37
E2-accuracy,device2,phi3-q8,71,inquiry,inquiry,True,1.14,1427.93
E2-accuracy,device2,phi3-q8,72,inquiry,inquiry,True,1.1,1495.86
E2-accuracy,device2,phi3-q8,73,complaint,complaint,True,1.11,1497.4
E2-accuracy,device2,phi3-q8,74,complaint,complaint,True,1.02,1666.7
E2-accuracy,device2,phi3-q8,75,feedback,feedback,True,0.55,1678.59
E2-accuracy,device2,phi3-q8,76,feedback,feedback,True,0.51,1731.5
E2-accuracy,device2,phi3-q8,77,spam,spam,True,0.52,3437.48
E2-accuracy,device2,phi3-q8,78,spam,spam,True,0.9,1918.98
E2-accuracy,device2,phi3-q8,79,urgent,urgent,True,0.88,1950.77
E2-accuracy,device2,phi3-q8,80,urgent,urgent,True,0.91,1882.02
E2-accuracy,device2,phi3-q8,81,inquiry,inquiry,True,1.07,1505.02
E2-accuracy,device2,phi3-q8,82,inquiry,inquiry,True,0.96,1730.05
E2-accuracy,device2,phi3-q8,83,complaint,complaint,True,0.92,1870.03
E2-accuracy,device2,phi3-q8,84,complaint,complaint,True,1.05,1569.64
E2-accuracy,device2,phi3-q8,85,feedback,feedback,True,0.61,1493.59
E2-accuracy,device2,phi3-q8,86,feedback,feedback,True,0.56,1636.61
E2-accuracy,device2,phi3-q8,87,spam,spam,True,0.86,1981.13
E2-accuracy,device2,phi3-q8,88,spam,spam,True,0.85,2017.61
E2-accuracy,device2,phi3-q8,89,urgent,urgent,True,0.81,2078.61
E2-accuracy,device2,phi3-q8,90,urgent,urgent,True,0.77,2053.48
E2-accuracy,device2,phi3-q8,91,inquiry,inquiry,True,0.7,2522.93
E2-accuracy,device2,phi3-q8,92,inquiry,inquiry,True,0.95,1760.92
E2-accuracy,device2,phi3-q8,93,complaint,complaint,True,0.98,1717.24
E2-accuracy,device2,phi3-q8,94,complaint,complaint,True,1.01,1676.77
E2-accuracy,device2,phi3-q8,95,feedback,feedback,True,0.47,1943.96
E2-accuracy,device2,phi3-q8,96,feedback,feedback,True,0.46,2001.65
E2-accuracy,device2,phi3-q8,97,spam,spam,True,0.84,2069.75
E2-accuracy,device2,phi3-q8,98,spam,spam,True,0.84,2055.03
E2-accuracy,device2,phi3-q8,99,urgent,urgent,True,0.88,1984.32
E2-accuracy,device2,phi3-q8,100,urgent,urgent,True,0.93,1833.21
E2-accuracy,device2,qwen2.5:3b,1,inquiry,inquiry,True,0.18,10966.59
E2-accuracy,device2,qwen2.5:3b,2,inquiry,inquiry,True,0.74,2472.31
E2-accuracy,device2,qwen2.5:3b,3,inquiry,feedback,False,0.28,3350.59
E2-accuracy,device2,qwen2.5:3b,4,inquiry,inquiry,True,0.68,2626.97
E2-accuracy,device2,qwen2.5:3b,5,inquiry,inquiry,True,0.53,3533.35
E2-accuracy,device2,qwen2.5:3b,6,inquiry,inquiry,True,0.63,2954.35
E2-accuracy,device2,qwen2.5:3b,7,inquiry,inquiry,True,0.93,1931.0
E2-accuracy,device2,qwen2.5:3b,8,inquiry,complaint,False,0.56,3247.39
E2-accuracy,device2,qwen2.5:3b,9,inquiry,inquiry,True,0.53,3427.82
E2-accuracy,device2,qwen2.5:3b,10,inquiry,inquiry,True,0.54,3447.62
E2-accuracy,device2,qwen2.5:3b,11,complaint,complaint,True,0.58,3202.69
E2-accuracy,device2,qwen2.5:3b,12,complaint,complaint,True,0.65,2827.12
E2-accuracy,device2,qwen2.5:3b,13,complaint,complaint,True,0.71,2573.34
E2-accuracy,device2,qwen2.5:3b,14,complaint,complaint,True,0.78,2353.4
E2-accuracy,device2,qwen2.5:3b,15,complaint,complaint,True,0.83,2151.31
E2-accuracy,device2,qwen2.5:3b,16,complaint,complaint,True,0.68,2730.86
E2-accuracy,device2,qwen2.5:3b,17,complaint,complaint,True,0.62,2957.94
E2-accuracy,device2,qwen2.5:3b,18,complaint,complaint,True,0.65,2780.07
E2-accuracy,device2,qwen2.5:3b,19,complaint,complaint,True,0.66,2780.43
E2-accuracy,device2,qwen2.5:3b,20,complaint,complaint,True,0.68,2714.83
E2-accuracy,device2,qwen2.5:3b,21,feedback,feedback,True,0.42,2284.9
E2-accuracy,device2,qwen2.5:3b,22,feedback,feedback,True,0.45,2119.84
E2-accuracy,device2,qwen2.5:3b,23,feedback,feedback,True,0.45,2123.12
E2-accuracy,device2,qwen2.5:3b,24,feedback,feedback,True,0.33,2841.72
E2-accuracy,device2,qwen2.5:3b,25,feedback,feedback,True,0.37,2569.02
E2-accuracy,device2,qwen2.5:3b,26,feedback,complaint,False,0.55,3185.01
E2-accuracy,device2,qwen2.5:3b,27,feedback,feedback,True,0.32,3046.67
E2-accuracy,device2,qwen2.5:3b,28,feedback,complaint,False,0.65,2824.61
E2-accuracy,device2,qwen2.5:3b,29,feedback,feedback,True,0.34,2777.26
E2-accuracy,device2,qwen2.5:3b,30,feedback,feedback,True,0.41,2300.05
E2-accuracy,device2,qwen2.5:3b,31,spam,spam,True,0.31,3074.5
E2-accuracy,device2,qwen2.5:3b,32,spam,urgent,False,0.94,2822.01
E2-accuracy,device2,qwen2.5:3b,33,spam,spam,True,0.29,3234.12
E2-accuracy,device2,qwen2.5:3b,34,spam,spam,True,0.28,3417.55
E2-accuracy,device2,qwen2.5:3b,35,spam,spam,True,0.36,2618.85
E2-accuracy,device2,qwen2.5:3b,36,spam,spam,True,0.31,3146.29
E2-accuracy,device2,qwen2.5:3b,37,spam,inquiry,False,0.63,2939.83
E2-accuracy,device2,qwen2.5:3b,38,spam,spam,True,0.36,2690.46
E2-accuracy,device2,qwen2.5:3b,39,spam,complaint,False,0.58,3223.14
E2-accuracy,device2,qwen2.5:3b,40,spam,spam,True,0.34,2876.58
E2-accuracy,device2,qwen2.5:3b,41,urgent,urgent,True,0.42,2292.74
E2-accuracy,device2,qwen2.5:3b,42,urgent,complaint,False,0.99,1820.79
E2-accuracy,device2,qwen2.5:3b,43,urgent,urgent,True,0.47,2037.43
E2-accuracy,device2,qwen2.5:3b,44,urgent,urgent,True,0.38,2542.34
E2-accuracy,device2,qwen2.5:3b,45,urgent,complaint,False,0.85,2132.74
E2-accuracy,device2,qwen2.5:3b,46,urgent,urgent,True,0.46,2071.3
E2-accuracy,device2,qwen2.5:3b,47,urgent,complaint,False,0.88,2062.06
E2-accuracy,device2,qwen2.5:3b,48,urgent,complaint,False,0.92,1970.96
E2-accuracy,device2,qwen2.5:3b,49,urgent,urgent,True,0.4,2367.11
E2-accuracy,device2,qwen2.5:3b,50,urgent,urgent,True,0.48,1967.79
E2-accuracy,device2,qwen2.5:3b,51,inquiry,inquiry,True,0.81,2263.62
E2-accuracy,device2,qwen2.5:3b,52,inquiry,feedback,False,0.56,1694.05
E2-accuracy,device2,qwen2.5:3b,53,complaint,complaint,True,0.79,2321.8
E2-accuracy,device2,qwen2.5:3b,54,complaint,complaint,True,0.9,2003.54
E2-accuracy,device2,qwen2.5:3b,55,feedback,feedback,True,0.41,2329.15
E2-accuracy,device2,qwen2.5:3b,56,feedback,feedback,True,0.47,2002.49
E2-accuracy,device2,qwen2.5:3b,57,spam,spam,True,0.34,2845.44
E2-accuracy,device2,qwen2.5:3b,58,spam,spam,True,0.33,2892.17
E2-accuracy,device2,qwen2.5:3b,59,urgent,urgent,True,0.4,2424.54
E2-accuracy,device2,qwen2.5:3b,60,urgent,complaint,False,0.63,2970.84
E2-accuracy,device2,qwen2.5:3b,61,inquiry,inquiry,True,0.64,2899.47
E2-accuracy,device2,qwen2.5:3b,62,inquiry,inquiry,True,0.92,1954.75
E2-accuracy,device2,qwen2.5:3b,63,complaint,complaint,True,0.65,2865.21
E2-accuracy,device2,qwen2.5:3b,64,complaint,complaint,True,0.75,2454.92
E2-accuracy,device2,qwen2.5:3b,65,feedback,feedback,True,0.38,2493.77
E2-accuracy,device2,qwen2.5:3b,66,feedback,complaint,False,0.88,2063.8
E2-accuracy,device2,qwen2.5:3b,67,spam,spam,True,0.37,2574.37
E2-accuracy,device2,qwen2.5:3b,68,spam,spam,True,0.38,2518.66
E2-accuracy,device2,qwen2.5:3b,69,urgent,urgent,True,0.44,2188.88
E2-accuracy,device2,qwen2.5:3b,70,urgent,urgent,True,0.43,2205.58
E2-accuracy,device2,qwen2.5:3b,71,inquiry,inquiry,True,1.2,1508.75
E2-accuracy,device2,qwen2.5:3b,72,inquiry,feedback,False,0.69,1354.72
E2-accuracy,device2,qwen2.5:3b,73,complaint,complaint,True,1.2,1498.97
E2-accuracy,device2,qwen2.5:3b,74,complaint,complaint,True,1.13,1593.09
E2-accuracy,device2,qwen2.5:3b,75,feedback,feedback,True,0.64,1488.49
E2-accuracy,device2,qwen2.5:3b,76,feedback,complaint,False,1.1,1654.15
E2-accuracy,device2,qwen2.5:3b,77,spam,spam,True,0.46,2096.41
E2-accuracy,device2,qwen2.5:3b,78,spam,complaint,False,1.1,1651.17
E2-accuracy,device2,qwen2.5:3b,79,urgent,urgent,True,0.57,1665.69
E2-accuracy,device2,qwen2.5:3b,80,urgent,complaint,False,1.0,1831.3
E2-accuracy,device2,qwen2.5:3b,81,inquiry,inquiry,True,1.26,1432.02
E2-accuracy,device2,qwen2.5:3b,82,inquiry,inquiry,True,1.02,1781.32
E2-accuracy,device2,qwen2.5:3b,83,complaint,complaint,True,1.05,1714.12
E2-accuracy,device2,qwen2.5:3b,84,complaint,complaint,True,1.0,1822.09
E2-accuracy,device2,qwen2.5:3b,85,feedback,feedback,True,0.58,1617.66
E2-accuracy,device2,qwen2.5:3b,86,feedback,feedback,True,0.47,2003.61
E2-accuracy,device2,qwen2.5:3b,87,spam,spam,True,0.5,1895.34
E2-accuracy,device2,qwen2.5:3b,88,spam,spam,True,0.48,2008.1
E2-accuracy,device2,qwen2.5:3b,89,urgent,urgent,True,0.56,1701.46
E2-accuracy,device2,qwen2.5:3b,90,urgent,urgent,True,0.54,1766.07
E2-accuracy,device2,qwen2.5:3b,91,inquiry,complaint,False,0.88,2095.62
E2-accuracy,device2,qwen2.5:3b,92,inquiry,inquiry,True,1.15,1576.82
E2-accuracy,device2,qwen2.5:3b,93,complaint,complaint,True,1.16,1545.38
E2-accuracy,device2,qwen2.5:3b,94,complaint,complaint,True,0.98,1805.55
E2-accuracy,device2,qwen2.5:3b,95,feedback,complaint,False,0.97,1867.88
E2-accuracy,device2,qwen2.5:3b,96,feedback,feedback,True,0.5,1897.53
E2-accuracy,device2,qwen2.5:3b,97,spam,spam,True,0.49,1961.47
E2-accuracy,device2,qwen2.5:3b,98,spam,spam,True,0.49,1938.32
E2-accuracy,device2,qwen2.5:3b,99,urgent,urgent,True,0.5,1908.58
E2-accuracy,device2,qwen2.5:3b,100,urgent,urgent,True,0.57,1671.17
E2-accuracy,device2,qwen-q5,1,inquiry,inquiry,True,0.05,16318.77
E2-accuracy,device2,qwen-q5,2,inquiry,inquiry,True,0.3,3210.45
E2-accuracy,device2,qwen-q5,3,inquiry,inquiry,True,0.43,2224.0
E2-accuracy,device2,qwen-q5,4,inquiry,inquiry,True,0.6,1563.4
E2-accuracy,device2,qwen-q5,5,inquiry,inquiry,True,0.5,1876.5
E2-accuracy,device2,qwen-q5,6,inquiry,inquiry,True,0.49,1914.14
E2-accuracy,device2,qwen-q5,7,inquiry,inquiry,True,0.58,1630.05
E2-accuracy,device2,qwen-q5,8,inquiry,urgent,False,0.52,1817.72
E2-accuracy,device2,qwen-q5,9,inquiry,inquiry,True,0.55,1713.2
E2-accuracy,device2,qwen-q5,10,inquiry,inquiry,True,0.38,2489.84
E2-accuracy,device2,qwen-q5,11,complaint,complaint,True,0.51,1844.15
E2-accuracy,device2,qwen-q5,12,complaint,complaint,True,0.57,1650.07
E2-accuracy,device2,qwen-q5,13,complaint,complaint,True,0.41,2346.44
E2-accuracy,device2,qwen-q5,14,complaint,complaint,True,0.43,2224.86
E2-accuracy,device2,qwen-q5,15,complaint,complaint,True,0.55,1704.4
E2-accuracy,device2,qwen-q5,16,complaint,complaint,True,0.47,2042.51
E2-accuracy,device2,qwen-q5,17,complaint,complaint,True,0.42,2296.93
E2-accuracy,device2,qwen-q5,18,complaint,complaint,True,0.5,1907.34
E2-accuracy,device2,qwen-q5,19,complaint,complaint,True,0.44,2160.51
E2-accuracy,device2,qwen-q5,20,complaint,complaint,True,0.45,2139.22
E2-accuracy,device2,qwen-q5,21,feedback,feedback,True,0.5,1893.47
E2-accuracy,device2,qwen-q5,22,feedback,feedback,True,0.58,1624.93
E2-accuracy,device2,qwen-q5,23,feedback,feedback,True,0.54,1755.34
E2-accuracy,device2,qwen-q5,24,feedback,feedback,True,0.5,1896.56
E2-accuracy,device2,qwen-q5,25,feedback,feedback,True,0.52,1834.9
E2-accuracy,device2,qwen-q5,26,feedback,complaint,False,0.5,1919.19
E2-accuracy,device2,qwen-q5,27,feedback,feedback,True,0.5,1895.93
E2-accuracy,device2,qwen-q5,28,feedback,complaint,False,0.57,1658.61
E2-accuracy,device2,qwen-q5,29,feedback,feedback,True,0.55,1727.69
E2-accuracy,device2,qwen-q5,30,feedback,feedback,True,0.63,1504.0
E2-accuracy,device2,qwen-q5,31,spam,spam,True,0.47,2005.15
E2-accuracy,device2,qwen-q5,32,spam,urgent,False,0.46,2064.03
E2-accuracy,device2,qwen-q5,33,spam,spam,True,0.5,1891.22
E2-accuracy,device2,qwen-q5,34,spam,spam,True,0.44,2198.85
E2-accuracy,device2,qwen-q5,35,spam,spam,True,0.52,1831.63
E2-accuracy,device2,qwen-q5,36,spam,spam,True,0.44,2153.71
E2-accuracy,device2,qwen-q5,37,spam,spam,True,0.51,1874.78
E2-accuracy,device2,qwen-q5,38,spam,spam,True,0.48,1981.81
E2-accuracy,device2,qwen-q5,39,spam,spam,True,0.39,2475.49
E2-accuracy,device2,qwen-q5,40,spam,spam,True,0.42,2292.03
E2-accuracy,device2,qwen-q5,41,urgent,urgent,True,0.52,1825.79
E2-accuracy,device2,qwen-q5,42,urgent,complaint,False,0.61,1540.77
E2-accuracy,device2,qwen-q5,43,urgent,complaint,False,0.56,1697.55
E2-accuracy,device2,qwen-q5,44,urgent,urgent,True,0.47,2055.18
E2-accuracy,device2,qwen-q5,45,urgent,"complaint
the email describes an emergency situation where fire",False,4.07,1594.04
E2-accuracy,device2,qwen-q5,46,urgent,urgent,True,0.57,1663.14
E2-accuracy,device2,qwen-q5,47,urgent,complaint,False,0.55,1726.39
E2-accuracy,device2,qwen-q5,48,urgent,complaint,False,0.59,1589.41
E2-accuracy,device2,qwen-q5,49,urgent,complaint,False,0.5,1899.16
E2-accuracy,device2,qwen-q5,50,urgent,complaint,False,0.61,1546.06
E2-accuracy,device2,qwen-q5,51,inquiry,inquiry,True,0.51,1853.92
E2-accuracy,device2,qwen-q5,52,inquiry,inquiry,True,0.7,1313.33
E2-accuracy,device2,qwen-q5,53,complaint,complaint,True,0.48,1966.99
E2-accuracy,device2,qwen-q5,54,complaint,"complaint
you are an email classifier your task",True,4.02,1615.42
E2-accuracy,device2,qwen-q5,55,feedback,feedback,True,0.48,1959.78
E2-accuracy,device2,qwen-q5,56,feedback,feedback,True,0.55,1725.52
E2-accuracy,device2,qwen-q5,57,spam,spam,True,0.41,2326.84
E2-accuracy,device2,qwen-q5,58,spam,spam,True,0.42,2297.72
E2-accuracy,device2,qwen-q5,59,urgent,urgent,True,0.53,1778.52
E2-accuracy,device2,qwen-q5,60,urgent,"complaint
the email describes a system outage impacting many",False,3.24,2197.63
E2-accuracy,device2,qwen-q5,61,inquiry,inquiry,True,0.48,1989.81
E2-accuracy,device2,qwen-q5,62,inquiry,inquiry,True,0.6,1577.32
E2-accuracy,device2,qwen-q5,63,complaint,complaint,True,0.42,2305.41
E2-accuracy,device2,qwen-q5,64,complaint,complaint,True,0.49,1927.47
E2-accuracy,device2,qwen-q5,65,feedback,feedback,True,0.48,2003.26
E2-accuracy,device2,qwen-q5,66,feedback,complaint,False,0.58,1613.45
E2-accuracy,device2,qwen-q5,67,spam,spam,True,0.43,2233.51
E2-accuracy,device2,qwen-q5,68,spam,spam,True,0.45,2106.95
E2-accuracy,device2,qwen-q5,69,urgent,urgent,True,0.53,1778.45
E2-accuracy,device2,qwen-q5,70,urgent,urgent,True,0.52,1832.58
E2-accuracy,device2,qwen-q5,71,inquiry,inquiry,True,0.6,1555.07
E2-accuracy,device2,qwen-q5,72,inquiry,inquiry,True,0.58,1618.15
E2-accuracy,device2,qwen-q5,73,complaint,complaint,True,0.55,1728.14
E2-accuracy,device2,qwen-q5,74,complaint,complaint,True,0.5,1903.44
E2-accuracy,device2,qwen-q5,75,feedback,feedback,True,0.54,1745.61
E2-accuracy,device2,qwen-q5,76,feedback,complaint,False,0.51,1869.54
E2-accuracy,device2,qwen-q5,77,spam,spam,True,0.39,2471.42
E2-accuracy,device2,qwen-q5,78,spam,complaint,False,0.52,1837.34
E2-accuracy,device2,qwen-q5,79,urgent,urgent,True,0.5,1904.58
E2-accuracy,device2,qwen-q5,80,urgent,"complaint
the email expresses frustration and urgency due to",False,3.32,2158.52
E2-accuracy,device2,qwen-q5,81,inquiry,inquiry,True,0.58,1633.55
E2-accuracy,device2,qwen-q5,82,inquiry,inquiry,True,0.5,1907.25
E2-accuracy,device2,qwen-q5,83,complaint,complaint,True,0.55,1728.09
E2-accuracy,device2,qwen-q5,84,complaint,complaint,True,0.55,1714.07
E2-accuracy,device2,qwen-q5,85,feedback,feedback,True,0.57,1638.01
E2-accuracy,device2,qwen-q5,86,feedback,feedback,True,0.49,1922.74
E2-accuracy,device2,qwen-q5,87,spam,spam,True,0.5,1875.0
E2-accuracy,device2,qwen-q5,88,spam,spam,True,0.46,2097.99
E2-accuracy,device2,qwen-q5,89,urgent,urgent,True,0.5,1882.27
E2-accuracy,device2,qwen-q5,90,urgent,urgent,True,0.48,1966.05
E2-accuracy,device2,qwen-q5,91,inquiry,"complaint
the email expresses dissatisfaction about not receiving a",False,2.9,2531.47
E2-accuracy,device2,qwen-q5,92,inquiry,inquiry,True,0.52,1807.41
E2-accuracy,device2,qwen-q5,93,complaint,complaint,True,0.52,1835.83
E2-accuracy,device2,qwen-q5,94,complaint,complaint,True,0.51,1857.28
E2-accuracy,device2,qwen-q5,95,feedback,complaint,False,0.5,1921.7
E2-accuracy,device2,qwen-q5,96,feedback,feedback,True,0.43,2247.86
E2-accuracy,device2,qwen-q5,97,spam,spam,True,0.4,2384.87
E2-accuracy,device2,qwen-q5,98,spam,spam,True,0.42,2282.3
E2-accuracy,device2,qwen-q5,99,urgent,urgent,True,0.42,2252.97
E2-accuracy,device2,qwen-q5,100,urgent,urgent,True,0.49,1921.61
E2-accuracy,device2,qwen-q8,1,inquiry,inquiry,True,0.03,30235.49
E2-accuracy,device2,qwen-q8,2,inquiry,inquiry,True,0.68,1342.75
E2-accuracy,device2,qwen-q8,3,inquiry,inquiry,True,0.72,1269.68
E2-accuracy,device2,qwen-q8,4,inquiry,inquiry,True,0.94,926.09
E2-accuracy,device2,qwen-q8,5,inquiry,inquiry,True,0.77,1143.91
E2-accuracy,device2,qwen-q8,6,inquiry,inquiry,True,0.75,1207.67
E2-accuracy,device2,qwen-q8,7,inquiry,inquiry,True,0.94,945.24
E2-accuracy,device2,qwen-q8,8,inquiry,urgent,False,0.9,986.11
E2-accuracy,device2,qwen-q8,9,inquiry,inquiry,True,0.92,957.08
E2-accuracy,device2,qwen-q8,10,inquiry,inquiry,True,0.71,1262.77
E2-accuracy,device2,qwen-q8,11,complaint,complaint,True,0.87,1018.89
E2-accuracy,device2,qwen-q8,12,complaint,complaint,True,0.94,942.26
E2-accuracy,device2,qwen-q8,13,complaint,complaint,True,0.7,1304.9
E2-accuracy,device2,qwen-q8,14,complaint,complaint,True,0.76,1195.71
E2-accuracy,device2,qwen-q8,15,complaint,complaint,True,0.91,946.34
E2-accuracy,device2,qwen-q8,16,complaint,complaint,True,0.82,1093.18
E2-accuracy,device2,qwen-q8,17,complaint,complaint,True,0.73,1244.78
E2-accuracy,device2,qwen-q8,18,complaint,complaint,True,0.8,1124.4
E2-accuracy,device2,qwen-q8,19,complaint,complaint,True,0.74,1222.99
E2-accuracy,device2,qwen-q8,20,complaint,complaint,True,0.74,1230.9
E2-accuracy,device2,qwen-q8,21,feedback,feedback,True,0.76,1193.43
E2-accuracy,device2,qwen-q8,22,feedback,feedback,True,0.89,987.55
E2-accuracy,device2,qwen-q8,23,feedback,feedback,True,0.78,1151.86
E2-accuracy,device2,qwen-q8,24,feedback,feedback,True,0.7,1300.98
E2-accuracy,device2,qwen-q8,25,feedback,feedback,True,0.86,1042.54
E2-accuracy,device2,qwen-q8,26,feedback,complaint,False,0.78,1155.57
E2-accuracy,device2,qwen-q8,27,feedback,feedback,True,0.78,1150.14
E2-accuracy,device2,qwen-q8,28,feedback,complaint,False,0.89,995.83
E2-accuracy,device2,qwen-q8,29,feedback,feedback,True,0.81,1092.03
E2-accuracy,device2,qwen-q8,30,feedback,feedback,True,0.93,953.35
E2-accuracy,device2,qwen-q8,31,spam,spam,True,0.75,1218.28
E2-accuracy,device2,qwen-q8,32,spam,urgent,False,0.74,1215.84
E2-accuracy,device2,qwen-q8,33,spam,spam,True,0.78,1156.15
E2-accuracy,device2,qwen-q8,34,spam,promotion,False,0.67,1374.58
E2-accuracy,device2,qwen-q8,35,spam,spam,True,0.79,1141.15
E2-accuracy,device2,qwen-q8,36,spam,spam,True,0.7,1308.65
E2-accuracy,device2,qwen-q8,37,spam,"complaint
the email is classified as a complaint because",False,4.38,1160.42
E2-accuracy,device2,qwen-q8,38,spam,spam,True,0.75,1208.77
E2-accuracy,device2,qwen-q8,39,spam,spam,True,0.64,1446.32
E2-accuracy,device2,qwen-q8,40,spam,spam,True,0.65,1419.72
E2-accuracy,device2,qwen-q8,41,urgent,urgent,True,0.79,1139.55
E2-accuracy,device2,qwen-q8,42,urgent,complaint,False,0.9,988.47
E2-accuracy,device2,qwen-q8,43,urgent,complaint,False,0.81,1105.6
E2-accuracy,device2,qwen-q8,44,urgent,urgent,True,0.69,1327.32
E2-accuracy,device2,qwen-q8,45,urgent,"complaint
the email describes a situation where an emergency",False,4.67,1018.38
E2-accuracy,device2,qwen-q8,46,urgent,urgent,True,0.84,1061.78
E2-accuracy,device2,qwen-q8,47,urgent,complaint,False,0.79,1137.24
E2-accuracy,device2,qwen-q8,48,urgent,"complaint
the email appears to be a complaint as",False,4.59,1044.95
E2-accuracy,device2,qwen-q8,49,urgent,complaint,False,0.79,1138.82
E2-accuracy,device2,qwen-q8,50,urgent,complaint,False,0.94,937.43
E2-accuracy,device2,qwen-q8,51,inquiry,inquiry,True,0.77,1176.5
E2-accuracy,device2,qwen-q8,52,inquiry,inquiry,True,1.08,804.15
E2-accuracy,device2,qwen-q8,53,complaint,complaint,True,0.77,1166.52
E2-accuracy,device2,qwen-q8,54,complaint,"complaint
you are an email classifier classify",True,4.56,1040.68
E2-accuracy,device2,qwen-q8,55,feedback,feedback,True,0.77,1168.53
E2-accuracy,device2,qwen-q8,56,feedback,feedback,True,0.88,1018.86
E2-accuracy,device2,qwen-q8,57,spam,spam,True,0.65,1411.65
E2-accuracy,device2,qwen-q8,58,spam,spam,True,0.69,1329.05
E2-accuracy,device2,qwen-q8,59,urgent,urgent,True,0.82,1083.38
E2-accuracy,device2,qwen-q8,60,urgent,"complaint
the email describes a system outage that is",False,3.24,1849.08
E2-accuracy,device2,qwen-q8,61,inquiry,inquiry,True,0.73,1239.33
E2-accuracy,device2,qwen-q8,62,inquiry,inquiry,True,0.85,1014.64
E2-accuracy,device2,qwen-q8,63,complaint,complaint,True,0.6,1541.42
E2-accuracy,device2,qwen-q8,64,complaint,complaint,True,0.78,1154.52
E2-accuracy,device2,qwen-q8,65,feedback,feedback,True,0.73,1236.17
E2-accuracy,device2,qwen-q8,66,feedback,complaint,False,0.82,1092.88
E2-accuracy,device2,qwen-q8,67,spam,spam,True,0.61,1502.61
E2-accuracy,device2,qwen-q8,68,spam,spam,True,0.65,1405.09
E2-accuracy,device2,qwen-q8,69,urgent,urgent,True,0.83,1076.57
E2-accuracy,device2,qwen-q8,70,urgent,urgent,True,0.79,1147.39
E2-accuracy,device2,qwen-q8,71,inquiry,inquiry,True,0.94,941.78
E2-accuracy,device2,qwen-q8,72,inquiry,inquiry,True,0.88,1019.14
E2-accuracy,device2,qwen-q8,73,complaint,complaint,True,0.83,1076.8
E2-accuracy,device2,qwen-q8,74,complaint,complaint,True,0.78,1152.88
E2-accuracy,device2,qwen-q8,75,feedback,feedback,True,0.83,1078.21
E2-accuracy,device2,qwen-q8,76,feedback,complaint,False,0.79,1146.82
E2-accuracy,device2,qwen-q8,77,spam,promotion,False,0.63,1465.57
E2-accuracy,device2,qwen-q8,78,spam,complaint,False,0.78,1153.15
E2-accuracy,device2,qwen-q8,79,urgent,urgent,True,0.81,1120.42
E2-accuracy,device2,qwen-q8,80,urgent,"complaint
the email expresses frustration and urgency due to",False,4.26,1251.89
E2-accuracy,device2,qwen-q8,81,inquiry,inquiry,True,0.84,1062.54
E2-accuracy,device2,qwen-q8,82,inquiry,inquiry,True,0.78,1147.26
E2-accuracy,device2,qwen-q8,83,complaint,complaint,True,0.83,1079.25
E2-accuracy,device2,qwen-q8,84,complaint,complaint,True,0.88,1011.22
E2-accuracy,device2,qwen-q8,85,feedback,feedback,True,0.95,928.31
E2-accuracy,device2,qwen-q8,86,feedback,feedback,True,0.79,1144.03
E2-accuracy,device2,qwen-q8,87,spam,spam,True,0.84,1059.92
E2-accuracy,device2,qwen-q8,88,spam,spam,True,0.75,1207.66
E2-accuracy,device2,qwen-q8,89,urgent,urgent,True,0.85,1061.98
E2-accuracy,device2,qwen-q8,90,urgent,urgent,True,0.8,1125.0
E2-accuracy,device2,qwen-q8,91,inquiry,"complaint
you are an email classifier classify",False,3.88,1489.54
E2-accuracy,device2,qwen-q8,92,inquiry,inquiry,True,0.83,1078.16
E2-accuracy,device2,qwen-q8,93,complaint,complaint,True,0.83,1080.49
E2-accuracy,device2,qwen-q8,94,complaint,complaint,True,0.84,1066.95
E2-accuracy,device2,qwen-q8,95,feedback,complaint,False,0.79,1138.61
E2-accuracy,device2,qwen-q8,96,feedback,feedback,True,0.64,1431.82
E2-accuracy,device2,qwen-q8,97,spam,spam,True,0.67,1373.84
E2-accuracy,device2,qwen-q8,98,spam,spam,True,0.67,1366.06
E2-accuracy,device2,qwen-q8,99,urgent,urgent,True,0.72,1272.32
E2-accuracy,device2,qwen-q8,100,urgent,urgent,True,0.78,1157.47
E2-accuracy,device2,mistral:7b,1,inquiry,inquiry,True,0.04,46216.05
E2-accuracy,device2,mistral:7b,2,inquiry,inquiry,True,0.38,4844.66
E2-accuracy,device2,mistral:7b,3,inquiry,inquiry,True,0.48,3814.27
E2-accuracy,device2,mistral:7b,4,inquiry,inquiry,True,0.63,2820.61
E2-accuracy,device2,mistral:7b,5,inquiry,inquiry,True,0.54,3343.47
E2-accuracy,device2,mistral:7b,6,inquiry,inquiry,True,0.57,3181.22
E2-accuracy,device2,mistral:7b,7,inquiry,inquiry,True,0.61,2920.77
E2-accuracy,device2,mistral:7b,8,inquiry,inquiry,True,0.58,3122.44
E2-accuracy,device2,mistral:7b,9,inquiry,inquiry,True,0.59,3027.06
E2-accuracy,device2,mistral:7b,10,inquiry,inquiry,True,0.46,3998.36
E2-accuracy,device2,mistral:7b,11,complaint,complaint,True,0.31,3078.67
E2-accuracy,device2,mistral:7b,12,complaint,complaint,True,0.31,3071.53
E2-accuracy,device2,mistral:7b,13,complaint,complaint,True,0.24,4016.06
E2-accuracy,device2,mistral:7b,14,complaint,complaint,True,0.25,3899.96
E2-accuracy,device2,mistral:7b,15,complaint,complaint,True,0.32,2901.4
E2-accuracy,device2,mistral:7b,16,complaint,complaint,True,0.27,3576.41
E2-accuracy,device2,mistral:7b,17,complaint,complaint,True,0.24,3983.86
E2-accuracy,device2,mistral:7b,18,complaint,complaint,True,0.27,3491.74
E2-accuracy,device2,mistral:7b,19,complaint,complaint,True,0.21,4551.57
E2-accuracy,device2,mistral:7b,20,complaint,complaint,True,0.23,4102.19
E2-accuracy,device2,mistral:7b,21,feedback,feedback,True,0.73,3583.08
E2-accuracy,device2,mistral:7b,22,feedback,feedback,True,0.31,3017.5
E2-accuracy,device2,mistral:7b,23,feedback,feedback,True,0.78,3338.47
E2-accuracy,device2,mistral:7b,24,feedback,feedback,True,0.73,3566.42
E2-accuracy,device2,mistral:7b,25,feedback,feedback,True,0.28,3373.75
E2-accuracy,device2,mistral:7b,26,feedback,complaint,False,0.24,4016.02
E2-accuracy,device2,mistral:7b,27,feedback,feedback,True,0.73,3579.19
E2-accuracy,device2,mistral:7b,28,feedback,complaint,False,0.28,3436.28
E2-accuracy,device2,mistral:7b,29,feedback,feedback,True,0.73,3605.09
E2-accuracy,device2,mistral:7b,30,feedback,complaint,False,0.32,2997.45
E2-accuracy,device2,mistral:7b,31,spam,spam,True,0.4,4625.48
E2-accuracy,device2,mistral:7b,32,spam,spam,True,0.44,4208.93
E2-accuracy,device2,mistral:7b,33,spam,spam,True,0.49,3762.88
E2-accuracy,device2,mistral:7b,34,spam,spam,True,0.4,4673.56
E2-accuracy,device2,mistral:7b,35,spam,spam,True,0.47,3899.71
E2-accuracy,device2,mistral:7b,36,spam,spam,True,0.39,4740.2
E2-accuracy,device2,mistral:7b,37,spam,spam,True,0.45,4063.93
E2-accuracy,device2,mistral:7b,38,spam,spam,True,0.45,4083.53
E2-accuracy,device2,mistral:7b,39,spam,spam,True,0.38,4917.37
E2-accuracy,device2,mistral:7b,40,spam,spam,True,0.38,4903.04
E2-accuracy,device2,mistral:7b,41,urgent,urgent,True,0.24,4055.23
E2-accuracy,device2,mistral:7b,42,urgent,urgent,True,0.29,3210.04
E2-accuracy,device2,mistral:7b,43,urgent,urgent,True,0.26,3648.89
E2-accuracy,device2,mistral:7b,44,urgent,urgent,True,0.21,4570.98
E2-accuracy,device2,mistral:7b,45,urgent,urgent,True,0.29,3282.21
E2-accuracy,device2,mistral:7b,46,urgent,urgent,True,0.27,3466.22
E2-accuracy,device2,mistral:7b,47,urgent,urgent,True,0.26,3578.39
E2-accuracy,device2,mistral:7b,48,urgent,urgent,True,0.26,3581.42
E2-accuracy,device2,mistral:7b,49,urgent,urgent,True,0.21,4639.65
E2-accuracy,device2,mistral:7b,50,urgent,urgent,True,0.23,4157.77
E2-accuracy,device2,mistral:7b,51,inquiry,inquiry,True,0.46,3999.8
E2-accuracy,device2,mistral:7b,52,inquiry,inquiry,True,0.64,2739.95
E2-accuracy,device2,mistral:7b,53,complaint,complaint,True,0.24,4051.86
E2-accuracy,device2,mistral:7b,54,complaint,complaint,True,0.27,3471.35
E2-accuracy,device2,mistral:7b,55,feedback,feedback,True,0.23,4128.33
E2-accuracy,device2,mistral:7b,56,feedback,feedback,True,0.66,3982.24
E2-accuracy,device2,mistral:7b,57,spam,spam,True,0.37,5002.42
E2-accuracy,device2,mistral:7b,58,spam,spam,True,0.36,5215.37
E2-accuracy,device2,mistral:7b,59,urgent,urgent,True,0.22,4343.99
E2-accuracy,device2,mistral:7b,60,urgent,urgent,True,0.18,5224.27
E2-accuracy,device2,mistral:7b,61,inquiry,inquiry,True,0.42,4372.9
E2-accuracy,device2,mistral:7b,62,inquiry,inquiry,True,0.53,3403.3
E2-accuracy,device2,mistral:7b,63,complaint,complaint,True,0.18,5497.46
E2-accuracy,device2,mistral:7b,64,complaint,complaint,True,0.21,4521.18
E2-accuracy,device2,mistral:7b,65,feedback,feedback,True,0.58,4584.94
E2-accuracy,device2,mistral:7b,66,feedback,complaint,False,0.26,3618.87
E2-accuracy,device2,mistral:7b,67,spam,spam,True,0.33,5640.19
E2-accuracy,device2,mistral:7b,68,spam,spam,True,0.34,5384.76
E2-accuracy,device2,mistral:7b,69,urgent,urgent,True,0.21,4478.79
E2-accuracy,device2,mistral:7b,70,urgent,urgent,True,0.19,5168.86
E2-accuracy,device2,mistral:7b,71,inquiry,inquiry,True,0.48,3780.67
E2-accuracy,device2,mistral:7b,72,inquiry,inquiry,True,0.43,4197.63
E2-accuracy,device2,mistral:7b,73,complaint,complaint,True,0.23,4168.95
E2-accuracy,device2,mistral:7b,74,complaint,complaint,True,0.21,4499.28
E2-accuracy,device2,mistral:7b,75,feedback,feedback,True,0.6,4363.27
E2-accuracy,device2,mistral:7b,76,feedback,complaint,False,0.21,4595.75
E2-accuracy,device2,mistral:7b,77,spam,spam,True,0.29,6335.91
E2-accuracy,device2,mistral:7b,78,spam,spam,True,0.28,6705.0
E2-accuracy,device2,mistral:7b,79,urgent,urgent,True,0.16,5931.36
E2-accuracy,device2,mistral:7b,80,urgent,urgent,True,0.17,5590.38
E2-accuracy,device2,mistral:7b,81,inquiry,inquiry,True,0.4,4474.33
E2-accuracy,device2,mistral:7b,82,inquiry,inquiry,True,0.36,5192.27
E2-accuracy,device2,mistral:7b,83,complaint,complaint,True,0.2,4728.31
E2-accuracy,device2,mistral:7b,84,complaint,complaint,True,0.2,4865.1
E2-accuracy,device2,mistral:7b,85,feedback,feedback,True,0.21,4440.6
E2-accuracy,device2,mistral:7b,86,feedback,feedback,True,0.21,4656.09
E2-accuracy,device2,mistral:7b,87,spam,spam,True,0.33,5591.34
E2-accuracy,device2,mistral:7b,88,spam,spam,True,0.33,5632.45
E2-accuracy,device2,mistral:7b,89,urgent,urgent,True,0.19,4982.69
E2-accuracy,device2,mistral:7b,90,urgent,urgent,True,0.19,5010.83
E2-accuracy,device2,mistral:7b,91,inquiry,complaint,False,0.15,6421.58
E2-accuracy,device2,mistral:7b,92,inquiry,inquiry,True,0.41,4454.66
E2-accuracy,device2,mistral:7b,93,complaint,complaint,True,0.2,4676.36
E2-accuracy,device2,mistral:7b,94,complaint,complaint,True,0.21,4504.28
E2-accuracy,device2,mistral:7b,95,feedback,complaint,False,0.2,4720.08
E2-accuracy,device2,mistral:7b,96,feedback,feedback,True,0.57,4733.49
E2-accuracy,device2,mistral:7b,97,spam,spam,True,0.45,4146.2
E2-accuracy,device2,mistral:7b,98,spam,spam,True,0.46,4022.34
E2-accuracy,device2,mistral:7b,99,urgent,urgent,True,0.23,4095.69
E2-accuracy,device2,mistral:7b,100,urgent,urgent,True,0.25,3782.22
E2-accuracy,device2,mistral-q5,1,inquiry,inquiry,True,0.05,37762.62
E2-accuracy,device2,mistral-q5,2,inquiry,inquiry,True,0.35,5363.16
E2-accuracy,device2,mistral-q5,3,inquiry,inquiry,True,0.31,5969.56
E2-accuracy,device2,mistral-q5,4,inquiry,inquiry,True,0.37,4910.76
E2-accuracy,device2,mistral-q5,5,inquiry,inquiry,True,0.34,5397.53
E2-accuracy,device2,mistral-q5,6,inquiry,inquiry,True,0.36,5066.0
E2-accuracy,device2,mistral-q5,7,inquiry,inquiry,True,0.4,4573.7
E2-accuracy,device2,mistral-q5,8,inquiry,inquiry,True,0.37,4969.06
E2-accuracy,device2,mistral-q5,9,inquiry,inquiry,True,0.38,4836.75
E2-accuracy,device2,mistral-q5,10,inquiry,inquiry,True,0.3,6190.73
E2-accuracy,device2,mistral-q5,11,complaint,complaint,True,0.19,4956.05
E2-accuracy,device2,mistral-q5,12,complaint,complaint,True,0.19,5032.87
E2-accuracy,device2,mistral-q5,13,complaint,complaint,True,0.16,6099.58
E2-accuracy,device2,mistral-q5,14,complaint,complaint,True,0.16,6061.7
E2-accuracy,device2,mistral-q5,15,complaint,complaint,True,0.21,4614.29
E2-accuracy,device2,mistral-q5,16,complaint,complaint,True,0.17,5524.93
E2-accuracy,device2,mistral-q5,17,complaint,complaint,True,0.15,6372.36
E2-accuracy,device2,mistral-q5,18,complaint,complaint,True,0.17,5648.4
E2-accuracy,device2,mistral-q5,19,complaint,complaint,True,0.14,7000.53
E2-accuracy,device2,mistral-q5,20,complaint,complaint,True,0.15,6310.54
E2-accuracy,device2,mistral-q5,21,feedback,feedback,True,0.17,5715.58
E2-accuracy,device2,mistral-q5,22,feedback,feedback,True,0.19,4908.49
E2-accuracy,device2,mistral-q5,23,feedback,feedback,True,0.18,5445.2
E2-accuracy,device2,mistral-q5,24,feedback,feedback,True,0.16,5948.56
E2-accuracy,device2,mistral-q5,25,feedback,feedback,True,0.17,5691.53
E2-accuracy,device2,mistral-q5,26,feedback,complaint,False,0.13,7175.09
E2-accuracy,device2,mistral-q5,27,feedback,feedback,True,0.15,6465.1
E2-accuracy,device2,mistral-q5,28,feedback,complaint,False,0.15,6179.79
E2-accuracy,device2,mistral-q5,29,feedback,feedback,True,0.14,6661.75
E2-accuracy,device2,mistral-q5,30,feedback,complaint,False,0.17,5437.76
E2-accuracy,device2,mistral-q5,31,spam,spam,True,0.23,7949.95
E2-accuracy,device2,mistral-q5,32,spam,urgently this email is a phishing attempt,False,1.04,7230.83
E2-accuracy,device2,mistral-q5,33,spam,spam,True,0.26,6695.57
E2-accuracy,device2,mistral-q5,34,spam,spam,True,0.22,8465.46
E2-accuracy,device2,mistral-q5,35,spam,spam,True,0.27,6955.6
E2-accuracy,device2,mistral-q5,36,spam,spam,True,0.22,8553.53
E2-accuracy,device2,mistral-q5,37,spam,spam,True,0.19,9438.1
E2-accuracy,device2,mistral-q5,38,spam,spam,True,0.23,8266.87
E2-accuracy,device2,mistral-q5,39,spam,spam,True,0.19,9664.34
E2-accuracy,device2,mistral-q5,40,spam,spam,True,0.2,9454.81
E2-accuracy,device2,mistral-q5,41,urgent,urgent,True,0.12,7784.74
E2-accuracy,device2,mistral-q5,42,urgent,urgent,True,0.15,6308.06
E2-accuracy,device2,mistral-q5,43,urgent,urgent,True,0.14,7003.65
E2-accuracy,device2,mistral-q5,44,urgent,urgent,True,0.11,8504.24
E2-accuracy,device2,mistral-q5,45,urgent,urgent,True,0.16,6154.25
E2-accuracy,device2,mistral-q5,46,urgent,urgent,True,0.15,6582.86
E2-accuracy,device2,mistral-q5,47,urgent,"urgent

(note: in this context",True,1.06,7002.39
E2-accuracy,device2,mistral-q5,48,urgent,urgent,True,0.15,6239.81
E2-accuracy,device2,mistral-q5,49,urgent,urgent,True,0.13,7699.55
E2-accuracy,device2,mistral-q5,50,urgent,urgent,True,0.14,7085.37
E2-accuracy,device2,mistral-q5,51,inquiry,inquiry,True,0.25,7498.56
E2-accuracy,device2,mistral-q5,52,inquiry,inquiry,True,0.34,5310.98
E2-accuracy,device2,mistral-q5,53,complaint,complaint,True,0.13,7381.77
E2-accuracy,device2,mistral-q5,54,complaint,complaint,True,0.19,5086.91
E2-accuracy,device2,mistral-q5,55,feedback,feedback,True,0.18,5345.17
E2-accuracy,device2,mistral-q5,56,feedback,feedback,True,0.19,5075.48
E2-accuracy,device2,mistral-q5,57,spam,spam,True,0.29,6538.44
E2-accuracy,device2,mistral-q5,58,spam,spam,True,0.25,7521.7
E2-accuracy,device2,mistral-q5,59,urgent,urgent,True,0.17,5742.3
E2-accuracy,device2,mistral-q5,60,urgent,urgent,True,0.14,7119.78
E2-accuracy,device2,mistral-q5,61,inquiry,inquiry,True,0.32,5745.63
E2-accuracy,device2,mistral-q5,62,inquiry,inquiry,True,0.41,4518.9
E2-accuracy,device2,mistral-q5,63,complaint,complaint,True,0.14,7074.44
E2-accuracy,device2,mistral-q5,64,complaint,complaint,True,0.15,6232.02
E2-accuracy,device2,mistral-q5,65,feedback,feedback,True,0.15,6283.27
E2-accuracy,device2,mistral-q5,66,feedback,complaint (regarding user experience issue),False,1.24,4742.52
E2-accuracy,device2,mistral-q5,67,spam,spam,True,0.27,7102.9
E2-accuracy,device2,mistral-q5,68,spam,spam,True,0.3,6225.42
E2-accuracy,device2,mistral-q5,69,urgent,urgent,True,0.17,5512.54
E2-accuracy,device2,mistral-q5,70,urgent,urgent,True,0.15,6457.44
E2-accuracy,device2,mistral-q5,71,inquiry,inquiry,True,0.38,4805.09
E2-accuracy,device2,mistral-q5,72,inquiry,inquiry,True,0.36,5057.12
E2-accuracy,device2,mistral-q5,73,complaint,complaint,True,0.18,5260.88
E2-accuracy,device2,mistral-q5,74,complaint,complaint,True,0.17,5548.71
E2-accuracy,device2,mistral-q5,75,feedback,feedback,True,0.18,5441.34
E2-accuracy,device2,mistral-q5,76,feedback,complaint,False,0.17,5614.33
E2-accuracy,device2,mistral-q5,77,spam,spam,True,0.26,7271.91
E2-accuracy,device2,mistral-q5,78,spam,spam,True,0.3,6329.64
E2-accuracy,device2,mistral-q5,79,urgent,urgent,True,0.15,6622.82
E2-accuracy,device2,mistral-q5,80,urgent,urgent,True,0.16,6212.91
E2-accuracy,device2,mistral-q5,81,inquiry,inquiry,True,0.38,4868.47
E2-accuracy,device2,mistral-q5,82,inquiry,inquiry,True,0.33,5650.93
E2-accuracy,device2,mistral-q5,83,complaint,complaint,True,0.17,5583.34
E2-accuracy,device2,mistral-q5,84,complaint,complaint,True,0.17,5607.17
E2-accuracy,device2,mistral-q5,85,feedback,feedback,True,0.18,5445.91
E2-accuracy,device2,mistral-q5,86,feedback,feedback,True,0.17,5738.68
E2-accuracy,device2,mistral-q5,87,spam,spam,True,0.31,6039.06
E2-accuracy,device2,mistral-q5,88,spam,spam,True,0.28,6752.22
E2-accuracy,device2,mistral-q5,89,urgent,urgent,True,0.16,6119.21
E2-accuracy,device2,mistral-q5,90,urgent,urgent,True,0.16,6192.3
E2-accuracy,device2,mistral-q5,91,inquiry,complaint,False,0.12,7840.78
E2-accuracy,device2,mistral-q5,92,inquiry,inquiry,True,0.32,5765.91
E2-accuracy,device2,mistral-q5,93,complaint,complaint,True,0.14,6675.56
E2-accuracy,device2,mistral-q5,94,complaint,complaint,True,0.16,5913.35
E2-accuracy,device2,mistral-q5,95,feedback,inquiry,False,0.3,6137.13
E2-accuracy,device2,mistral-q5,96,feedback,feedback,True,0.14,7007.22
E2-accuracy,device2,mistral-q5,97,spam,spam,True,0.24,7750.7
E2-accuracy,device2,mistral-q5,98,spam,spam,True,0.23,8169.3
E2-accuracy,device2,mistral-q5,99,urgent,urgent,True,0.12,8064.79
E2-accuracy,device2,mistral-q5,100,urgent,urgent,True,0.14,6784.6
E2-accuracy,device2,mistral-q8,1,inquiry,inquiry,True,0.03,73430.87
E2-accuracy,device2,mistral-q8,2,inquiry,inquiry,True,0.35,5123.22
E2-accuracy,device2,mistral-q8,3,inquiry,inquiry,True,0.39,4441.09
E2-accuracy,device2,mistral-q8,4,inquiry,inquiry,True,0.48,3424.07
E2-accuracy,device2,mistral-q8,5,inquiry,inquiry,True,0.41,4204.89
E2-accuracy,device2,mistral-q8,6,inquiry,inquiry,True,0.57,2846.5
E2-accuracy,device2,mistral-q8,7,inquiry,inquiry,True,0.52,2772.14
E2-accuracy,device2,mistral-q8,8,inquiry,inquiry,True,0.44,3677.42
E2-accuracy,device2,mistral-q8,9,inquiry,inquiry,True,0.53,3176.5
E2-accuracy,device2,mistral-q8,10,inquiry,inquiry,True,0.48,3502.9
E2-accuracy,device2,mistral-q8,11,complaint,complaint,True,0.32,2835.28
E2-accuracy,device2,mistral-q8,12,complaint,complaint,True,0.33,2734.71
E2-accuracy,device2,mistral-q8,13,complaint,complaint,True,0.27,3431.21
E2-accuracy,device2,mistral-q8,14,complaint,complaint,True,0.29,3214.24
E2-accuracy,device2,mistral-q8,15,complaint,complaint,True,0.35,2593.82
E2-accuracy,device2,mistral-q8,16,complaint,complaint,True,0.28,3231.78
E2-accuracy,device2,mistral-q8,17,complaint,complaint,True,0.25,3603.25
E2-accuracy,device2,mistral-q8,18,complaint,complaint,True,0.23,3834.26
E2-accuracy,device2,mistral-q8,19,complaint,complaint,True,0.23,4081.11
E2-accuracy,device2,mistral-q8,20,complaint,complaint,True,0.21,4269.98
E2-accuracy,device2,mistral-q8,21,feedback,feedback,True,0.25,3731.72
E2-accuracy,device2,mistral-q8,22,feedback,feedback,True,0.34,2672.76
E2-accuracy,device2,mistral-q8,23,feedback,feedback,True,0.28,3175.42
E2-accuracy,device2,mistral-q8,24,feedback,feedback,True,0.25,3598.24
E2-accuracy,device2,mistral-q8,25,feedback,feedback,True,0.3,3021.02
E2-accuracy,device2,mistral-q8,26,feedback,complaint,False,0.25,3590.98
E2-accuracy,device2,mistral-q8,27,feedback,feedback,True,0.26,3529.7
E2-accuracy,device2,mistral-q8,28,feedback,complaint,False,0.31,2937.14
E2-accuracy,device2,mistral-q8,29,feedback,feedback,True,0.29,3111.54
E2-accuracy,device2,mistral-q8,30,feedback,complaint,False,0.35,2590.4
E2-accuracy,device2,mistral-q8,31,spam,spam,True,0.46,3789.2
E2-accuracy,device2,mistral-q8,32,spam,urgently this email appears to be a ph,False,1.57,3648.13
E2-accuracy,device2,mistral-q8,33,spam,spam,True,0.53,3236.46
E2-accuracy,device2,mistral-q8,34,spam,spam,True,0.45,3820.33
E2-accuracy,device2,mistral-q8,35,spam,spam,True,0.49,3520.47
E2-accuracy,device2,mistral-q8,36,spam,spam,True,0.42,4100.97
E2-accuracy,device2,mistral-q8,37,spam,spam,True,0.47,3635.26
E2-accuracy,device2,mistral-q8,38,spam,spam,True,0.48,3594.3
E2-accuracy,device2,mistral-q8,39,spam,spam,True,0.4,4370.98
E2-accuracy,device2,mistral-q8,40,spam,spam,True,0.38,4649.15
E2-accuracy,device2,mistral-q8,41,urgent,urgent,True,0.28,3278.36
E2-accuracy,device2,mistral-q8,42,urgent,urgent,True,0.32,2833.67
E2-accuracy,device2,mistral-q8,43,urgent,urgent,True,0.29,3186.55
E2-accuracy,device2,mistral-q8,44,urgent,urgent,True,0.24,3827.16
E2-accuracy,device2,mistral-q8,45,urgent,urgent,True,0.32,2835.93
E2-accuracy,device2,mistral-q8,46,urgent,urgent,True,0.3,3061.94
E2-accuracy,device2,mistral-q8,47,urgent,"urgent

(note: in this context",True,1.79,2927.31
E2-accuracy,device2,mistral-q8,48,urgent,urgent,True,0.32,2854.17
E2-accuracy,device2,mistral-q8,49,urgent,urgent,True,0.25,3605.33
E2-accuracy,device2,mistral-q8,50,urgent,urgent,True,0.27,3377.56
E2-accuracy,device2,mistral-q8,51,inquiry,inquiry,True,0.53,3187.38
E2-accuracy,device2,mistral-q8,52,inquiry,inquiry,True,0.64,2507.11
E2-accuracy,device2,mistral-q8,53,complaint,complaint,True,0.27,3405.02
E2-accuracy,device2,mistral-q8,54,complaint,complaint,True,0.31,2905.51
E2-accuracy,device2,mistral-q8,55,feedback,feedback,True,0.27,3420.06
E2-accuracy,device2,mistral-q8,56,feedback,feedback,True,0.28,3244.15
E2-accuracy,device2,mistral-q8,57,spam,spam,True,0.44,3979.43
E2-accuracy,device2,mistral-q8,58,spam,spam,True,0.41,4262.6
E2-accuracy,device2,mistral-q8,59,urgent,urgent,True,0.27,3466.88
E2-accuracy,device2,mistral-q8,60,urgent,urgent,True,0.22,4301.27
E2-accuracy,device2,mistral-q8,61,inquiry,inquiry,True,0.47,3604.08
E2-accuracy,device2,mistral-q8,62,inquiry,inquiry,True,0.58,2841.36
E2-accuracy,device2,mistral-q8,63,complaint,complaint,True,0.21,4477.96
E2-accuracy,device2,mistral-q8,64,complaint,complaint,True,0.25,3759.12
E2-accuracy,device2,mistral-q8,65,feedback,feedback,True,0.24,3799.79
E2-accuracy,device2,mistral-q8,66,feedback,complaint (regarding user experience),False,1.35,3025.67
E2-accuracy,device2,mistral-q8,67,spam,spam,True,0.38,4640.94
E2-accuracy,device2,mistral-q8,68,spam,spam,True,0.42,4079.13
E2-accuracy,device2,mistral-q8,69,urgent,urgent,True,0.26,3464.52
E2-accuracy,device2,mistral-q8,70,urgent,urgent,True,0.23,3986.09
E2-accuracy,device2,mistral-q8,71,inquiry,inquiry,True,0.52,3242.92
E2-accuracy,device2,mistral-q8,72,inquiry,inquiry,True,0.53,3132.34
E2-accuracy,device2,mistral-q8,73,complaint,complaint,True,0.28,3246.11
E2-accuracy,device2,mistral-q8,74,complaint,complaint,True,0.26,3546.02
E2-accuracy,device2,mistral-q8,75,feedback,feedback,True,0.25,3652.89
E2-accuracy,device2,mistral-q8,76,feedback,complaint,False,0.26,3511.83
E2-accuracy,device2,mistral-q8,77,spam,spam,True,0.31,5432.68
E2-accuracy,device2,mistral-q8,78,spam,spam,True,0.4,4327.36
E2-accuracy,device2,mistral-q8,79,urgent,urgent,True,0.21,4423.22
E2-accuracy,device2,mistral-q8,80,urgent,urgent,True,0.22,4197.05
E2-accuracy,device2,mistral-q8,81,inquiry,inquiry,True,0.4,4131.67
E2-accuracy,device2,mistral-q8,82,inquiry,inquiry,True,0.43,3991.54
E2-accuracy,device2,mistral-q8,83,complaint,complaint,True,0.24,3911.13
E2-accuracy,device2,mistral-q8,84,complaint,complaint,True,0.25,3740.67
E2-accuracy,device2,mistral-q8,85,feedback,feedback,True,0.24,3765.69
E2-accuracy,device2,mistral-q8,86,feedback,feedback,True,0.24,3915.22
E2-accuracy,device2,mistral-q8,87,spam,spam,True,0.39,4391.53
E2-accuracy,device2,mistral-q8,88,spam,spam,True,0.36,4862.03
E2-accuracy,device2,mistral-q8,89,urgent,urgent,True,0.22,4158.94
E2-accuracy,device2,mistral-q8,90,urgent,urgent,True,0.22,4165.86
E2-accuracy,device2,mistral-q8,91,inquiry,complaint,False,0.18,5253.93
E2-accuracy,device2,mistral-q8,92,inquiry,inquiry,True,0.44,3860.86
E2-accuracy,device2,mistral-q8,93,complaint,complaint,True,0.23,4017.32
E2-accuracy,device2,mistral-q8,94,complaint,complaint,True,0.24,3836.18
E2-accuracy,device2,mistral-q8,95,feedback,inquiry,False,0.43,3953.63
E2-accuracy,device2,mistral-q8,96,feedback,feedback,True,0.2,4728.95
E2-accuracy,device2,mistral-q8,97,spam,spam,True,0.36,4899.3
E2-accuracy,device2,mistral-q8,98,spam,spam,True,0.37,4712.07
E2-accuracy,device2,mistral-q8,99,urgent,urgent,True,0.14,6293.7
E2-accuracy,device2,mistral-q8,100,urgent,urgent,True,0.21,4428.17
